2,2,0.641643,4139
2,2,0.446402,3060
2,2,1.10952,7066
2,2,0.23711,1558
2,2,0.969896,6531
2,2,0.00242433,16
2,2,1.41422,9065
2,2,0.179314,1157
2,2,1.32296,8979
2,2,0.0994982,671
2,2,0.114244,715
2,2,0.0646897,420
2,2,0.464203,3058
2,2,0.125263,851
2,2,0.157913,982
2,2,0.00957266,61
2,2,0.127925,835
2,2,2.22204,14808
2,2,0.0270042,177
2,2,0.491878,3175
2,2,0.0653462,430
2,2,0.965405,6172
2,2,0.518897,3251
2,2,0.114012,765
2,2,0.0511277,333
2,2,0.238673,1559
2,2,1.4415,9279
2,2,0.372241,2521
2,2,0.40254,2736
2,2,0.137085,932
2,2,0.139277,935
2,2,0.228477,1482
2,2,0.348339,2339
2,2,0.954361,6062
2,2,0.0463535,288
2,2,0.140776,877
2,2,0.537547,3514
2,2,0.115064,710
2,2,0.188651,1158
2,2,0.105562,644
2,2,0.177332,1105
2,2,0.0710349,476
2,2,0.0259144,164
2,2,1.1858,7501
2,2,0.324727,2064
2,2,0.181999,1177
2,2,0.733801,4788
2,2,0.353064,2329
2,2,0.0813923,534
2,2,0.654666,4416
3,2,3.50856,23078
3,2,0.11339,713
3,2,0.0862641,585
3,2,0.158011,1030
3,2,1.87278,11986
3,2,0.990669,6215
3,2,1.55436,9757
3,2,1.45161,9614
3,2,0.237493,1539
3,2,0.364037,2417
3,2,2.57892,16704
3,2,1.10702,6916
3,2,0.360386,2336
3,2,0.0868591,564
3,2,1.79936,11928
3,2,0.760686,4839
3,2,0.465218,3125
3,2,0.893917,5918
3,2,0.213141,1338
3,2,0.364772,2315
3,2,0.478688,3022
3,2,0.250029,1645
3,2,2.17728,14029
3,2,0.18414,1201
3,2,0.112458,695
3,2,0.0567539,360
3,2,0.638518,4155
3,2,0.961018,6102
3,2,2.08299,13360
3,2,0.220009,1466
3,2,3.96221,26020
3,2,0.231922,1527
3,2,1.83557,11673
3,2,0.31045,2089
3,2,0.54031,3586
3,2,1.81554,11613
3,2,0.402857,2614
3,2,2.33723,15097
3,2,1.65875,10641
3,2,1.05848,6720
3,2,0.237366,1565
3,2,0.0790784,510
3,2,1.00165,6651
3,2,0.815358,5115
3,2,1.57091,10179
3,2,0.110269,745
3,2,0.13864,907
3,2,0.132161,832
3,2,2.85432,18583
3,2,0.428758,2870
3,3,1.27077,8165
3,3,2.08749,12986
3,3,0.0716946,451
3,3,2.11112,12989
3,3,1.05925,6980
3,3,0.743584,4632
3,3,0.131016,841
3,3,0.377466,2453
3,3,1.12479,7404
3,3,1.2758,8247
3,3,0.36987,2408
3,3,0.249573,1644
3,3,1.70223,11130
3,3,0.858167,5665
3,3,2.26436,14133
3,3,1.29357,8388
3,3,3.82459,24566
3,3,0.911701,5775
3,3,0.313183,2067
3,3,0.158351,980
3,3,0.315899,2086
3,3,1.45888,9261
3,3,0.0710363,435
3,3,2.9634,18788
3,3,1.44449,9290
3,3,2.9452,18766
3,3,1.41547,8731
3,3,5.49999,35927
3,3,0.0311322,208
3,3,0.620459,3945
3,3,0.980167,6103
3,3,3.97431,25401
3,3,0.940013,6065
3,3,1.32088,8714
3,3,0.454261,2982
3,3,1.06394,6711
3,3,2.71849,17127
3,3,2.36323,14991
3,3,2.93232,18656
3,3,2.50517,16424
3,3,1.05541,6948
3,3,5.39798,35349
3,3,5.2344,34396
3,3,0.433757,2853
3,3,0.390813,2554
3,3,5.76241,37650
3,3,2.53012,15964
3,3,3.07033,19637
3,3,4.33741,28265
3,3,0.0647766,436
4,2,0.770234,4964
4,2,0.109387,698
4,2,1.7257,10792
4,2,0.891588,5936
4,2,0.0782524,487
4,2,0.103105,632
4,2,0.116972,727
4,2,0.507088,3208
4,2,1.73905,11125
4,2,0.442598,2901
4,2,0.325486,2154
4,2,0.284132,1846
4,2,2.09042,13218
4,2,1.90168,11865
4,2,1.0353,6511
4,2,1.11897,7349
4,2,0.110559,737
4,2,2.64726,16851
4,2,0.460358,2912
4,2,0.420163,2746
4,2,0.101318,636
4,2,2.09423,13526
4,2,0.822753,5446
4,2,1.60766,10139
4,2,0.429185,2763
4,2,0.694101,4572
4,2,1.50648,9496
4,2,1.45328,9528
4,2,1.97819,12485
4,2,1.73684,10877
4,2,2.46147,15740
4,2,0.402054,2512
4,2,0.231774,1482
4,2,0.496989,3277
4,2,0.0655711,429
4,2,0.447796,2835
4,2,0.10026,628
4,2,0.0810209,504
4,2,0.340903,2212
4,2,2.43828,15545
4,2,0.421041,2759
4,2,0.484885,3151
4,2,0.786432,5152
4,2,0.395753,2585
4,2,2.90719,19072
4,2,0.476593,2950
4,2,0.0618159,408
4,2,2.04535,12740
4,2,0.398282,2523
4,2,1.08932,7152
4,3,0.281233,1714
4,3,0.432575,2723
4,3,2.82185,17294
4,3,5.55124,34981
4,3,1.54405,10029
4,3,0.759245,4907
4,3,0.599168,3821
4,3,2.97342,18357
4,3,0.128315,784
4,3,3.65133,22763
4,3,0.969711,6367
4,3,2.58151,15778
4,3,3.88715,24245
4,3,1.30209,8175
4,3,7.82567,50211
4,3,0.0552504,349
4,3,2.69979,16311
4,3,1.90852,12212
4,3,0.209782,1357
4,3,7.83409,50323
4,3,0.591497,3677
4,3,0.374479,2323
4,3,5.51908,35040
4,3,0.290913,1760
4,3,0.272452,1725
4,3,7.83654,50346
4,3,2.6548,16872
4,3,2.11632,13074
4,3,1.40777,9003
4,3,1.77466,10997
4,3,3.31482,21024
4,3,3.12683,19264
4,3,3.49313,21571
4,3,2.57882,16482
4,3,2.45172,15525
4,3,0.316619,1996
4,3,5.43432,34413
4,3,1.87445,11939
4,3,4.82161,30921
4,3,0.796075,5131
4,3,9.54343,61220
4,3,2.62771,17160
4,3,1.91599,12389
4,3,0.474193,3005
4,3,5.58971,35786
4,3,0.387157,2469
4,3,5.8578,37508
4,3,2.59878,16265
4,3,2.64329,16181
4,3,2.80728,17259
4,4,10.5773,66475
4,4,0.190245,1203
4,4,5.03927,30664
4,4,0.303943,1905
4,4,1.36311,8614
4,4,1.24033,7649
4,4,5.95441,36982
4,4,0.819997,4953
4,4,6.87595,42871
4,4,1.99349,12474
4,4,11.6791,73914
4,4,0.116213,688
4,4,3.62999,21971
4,4,10.9914,69548
4,4,5.55439,34666
4,4,1.95975,12285
4,4,4.97039,30529
4,4,5.88234,36621
4,4,4.95008,30977
4,4,2.79833,17615
4,4,0.720383,4520
4,4,0.544143,3424
4,4,4.2635,25997
4,4,3.30087,20372
4,4,4.52249,27588
4,4,3.14261,18548
4,4,2.68847,16581
4,4,6.45666,40097
4,4,4.50616,27669
4,4,8.58266,53724
4,4,0.545535,3359
4,4,0.391194,2336
4,4,14.6561,93147
4,4,0.795843,4814
4,4,5.00267,30685
4,4,4.8912,30617
4,4,0.925972,5787
4,4,0.8032,5083
4,4,5.05776,31176
4,4,0.144175,860
4,4,4.8347,29465
4,4,5.17624,32110
4,4,1.63271,10324
4,4,0.501945,3150
4,4,2.67048,16318
4,4,7.2713,45625
4,4,13.6938,86856
4,4,2.45605,15235
4,4,4.8328,29611
4,4,3.46187,20794
5,2,0.0812973,524
5,2,0.494537,3099
5,2,1.55005,9711
5,2,0.780476,4830
5,2,2.34721,15279
5,2,0.789044,5159
5,2,0.149961,992
5,2,2.34514,14587
5,2,1.5268,9779
5,2,1.20281,7981
5,2,0.427554,2687
5,2,1.09555,6932
5,2,0.509334,3375
5,2,0.272475,1785
5,2,2.33086,14544
5,2,2.42917,15866
5,2,0.21016,1353
5,2,4.06113,26386
5,2,2.37706,14991
5,2,2.0937,13149
5,2,1.64229,10794
5,2,0.400306,2481
5,2,2.81243,17752
5,2,2.85169,17923
5,2,1.61142,10199
5,2,2.98647,18705
5,2,0.184046,1173
5,2,0.110339,688
5,2,0.756642,4922
5,2,0.125719,796
5,2,1.60334,10356
5,2,3.16021,19880
5,2,2.41824,15013
5,2,3.02758,19034
5,2,2.51142,15794
5,2,0.0545992,357
5,2,2.44794,15250
5,2,1.34009,8664
5,2,1.50246,9487
5,2,1.56513,10448
5,2,2.25447,14923
5,2,3.11567,20551
5,2,0.522927,3415
5,2,0.495219,3286
5,2,2.55997,16728
5,2,1.90677,11894
5,2,1.843,11372
5,2,0.617134,3954
5,2,2.62949,16494
5,2,4.20697,27048
5,3,4.52279,27851
5,3,0.915288,5813
5,3,4.78769,29567
5,3,6.18233,38769
5,3,5.91221,36729
5,3,9.17499,57743
5,3,5.38927,33340
5,3,10.893,68952
5,3,0.678915,4336
5,3,4.02715,24386
5,3,5.0057,30806
5,3,0.0151781,90
5,3,3.72756,22561
5,3,3.84682,23289
5,3,6.12131,38239
5,3,4.59263,28204
5,3,4.08139,24882
5,3,6.33524,39559
5,3,3.43508,21173
5,3,0.456389,2886
5,3,0.841571,5207
5,3,3.50326,21168
5,3,3.62711,22924
5,3,6.39082,40375
5,3,6.94278,43236
5,3,5.81019,36101
5,3,3.99425,25357
5,3,0.693891,4416
5,3,4.37857,27277
5,3,4.47454,27397
5,3,2.75233,16505
5,3,1.54495,9300
5,3,2.02491,12580
5,3,3.17295,19013
5,3,1.26876,8082
5,3,1.09838,6841
5,3,4.21368,25684
5,3,5.0985,31378
5,3,3.51669,21268
5,3,5.96032,36932
5,3,13.4811,86002
5,3,3.78744,23083
5,3,11.4227,71972
5,3,3.86232,23452
5,3,3.23481,19403
5,3,4.70749,28864
5,3,1.45237,9070
5,3,3.55033,21543
5,3,3.08174,18421
5,3,6.26607,38892
5,4,0.838963,5193
5,4,3.64337,22392
5,4,13.1958,81718
5,4,13.7484,85531
5,4,1.43904,8938
5,4,8.8869,54704
5,4,4.49195,26702
5,4,0.440888,2558
5,4,11.3716,70817
5,4,8.96119,55041
5,4,6.00256,36087
5,4,4.22382,25334
5,4,7.63975,46855
5,4,0.314911,2007
5,4,14.1446,87965
5,4,16.4515,102245
5,4,0.133928,865
5,4,7.63023,46434
5,4,0.0253448,165
5,4,3.63753,21681
5,4,6.88714,42684
5,4,9.50831,58526
5,4,2.37941,14421
5,4,9.43011,58374
5,4,11.0287,68206
5,4,1.60317,9642
5,4,3.91379,23418
5,4,1.6249,9524
5,4,3.38981,20800
5,4,2.48569,14703
5,4,4.95267,29647
5,4,4.11875,24239
5,4,2.58758,16150
5,4,6.57622,39769
5,4,7.05326,42836
5,4,1.20635,7458
5,4,7.03664,42626
5,4,1.06013,6551
5,4,0.289759,1832
5,4,4.81772,30033
5,4,4.82107,28429
5,4,1.96207,11925
5,4,11.2351,69362
5,4,1.03378,6251
5,4,2.18758,13374
5,4,15.4615,95760
5,4,7.87989,48113
5,4,7.74659,47364
5,4,4.35763,25706
5,4,7.96769,48601
5,5,16.2136,98020
5,5,6.78145,39744
5,5,5.64791,34326
5,5,1.00218,5724
5,5,11.106,65970
5,5,28.5603,173857
5,5,6.00034,34744
5,5,20.4388,124159
5,5,15.233,91755
5,5,5.45986,31639
5,5,13.5759,81687
5,5,6.1075,35546
5,5,6.72972,40496
5,5,10.0934,60060
5,5,9.42146,56062
5,5,13.4998,81058
5,5,7.12522,41953
5,5,0.188408,1104
5,5,19.1927,116432
5,5,2.58816,15541
5,5,9.11021,54135
5,5,6.95125,40634
5,5,6.30664,36823
5,5,7.9236,46762
5,5,11.4382,68264
5,5,7.3434,43102
5,5,16.8065,101560
5,5,4.62195,26426
5,5,1.57137,9483
5,5,3.99597,23245
5,5,0.318016,1784
5,5,6.38864,37433
5,5,7.86074,47736
5,5,0.363882,2059
5,5,7.50776,44040
5,5,9.98954,60310
5,5,6.27327,36548
5,5,3.28889,19939
5,5,18.4361,111386
5,5,5.33743,30858
5,5,14.3676,86567
5,5,11.3322,67799
5,5,20.8075,126306
5,5,10.5965,63001
5,5,7.86397,46270
5,5,0.924715,5668
5,5,12.9164,78363
5,5,8.92622,52584
5,5,5.49945,31667
5,5,4.85332,27653
6,2,1.23371,7794
6,2,6.00707,38527
6,2,0.387283,2543
6,2,0.0319791,209
6,2,1.45847,9134
6,2,2.2138,13691
6,2,4.00262,25214
6,2,3.55488,22129
6,2,2.23484,13725
6,2,2.12336,13513
6,2,3.1751,19842
6,2,4.07441,25826
6,2,6.77312,43529
6,2,2.08623,12999
6,2,1.94288,12652
6,2,0.82476,5168
6,2,3.01322,18707
6,2,0.457228,2832
6,2,2.67743,16484
6,2,2.67218,17130
6,2,6.6804,42524
6,2,0.241991,1583
6,2,2.21708,14246
6,2,0.472466,2975
6,2,3.46338,22329
6,2,0.793065,5014
6,2,2.92959,18200
6,2,4.07584,25500
6,2,2.72611,16830
6,2,1.00082,6359
6,2,2.80289,17069
6,2,3.21457,20267
6,2,0.162266,1002
6,2,0.346999,2254
6,2,1.78946,11083
6,2,0.646199,4051
6,2,1.67641,10290
6,2,0.144668,947
6,2,3.04328,18894
6,2,1.54168,9638
6,2,0.714865,4584
6,2,3.81618,23955
6,2,0.556903,3623
6,2,2.72336,16719
6,2,1.02222,6444
6,2,1.92134,12596
6,2,3.42311,21220
6,2,4.11878,25910
6,2,0.56591,3532
6,2,0.744554,4791
6,3,4.16309,25119
6,3,1.69638,10311
6,3,2.02668,12727
6,3,3.77972,22827
6,3,2.87727,17982
6,3,10.0297,63095
6,3,0.736234,4508
6,3,0.632448,3862
6,3,5.29247,32609
6,3,4.30743,26100
6,3,0.520159,3150
6,3,1.06084,6731
6,3,0.198542,1253
6,3,0.726719,4552
6,3,2.04734,12229
6,3,4.88442,30388
6,3,4.35354,26328
6,3,2.84613,17192
6,3,4.09347,24328
6,3,5.53452,33520
6,3,3.93453,23371
6,3,5.14029,31300
6,3,3.98475,23936
6,3,4.00319,23974
6,3,12.9278,80827
6,3,0.817307,5111
6,3,6.04401,36812
6,3,1.08025,6808
6,3,4.00247,25121
6,3,14.5286,91445
6,3,5.61128,34231
6,3,6.13145,37496
6,3,5.24711,32271
6,3,3.93786,23678
6,3,8.19912,51063
6,3,5.20503,31718
6,3,7.05731,43579
6,3,4.08265,24643
6,3,4.45104,26909
6,3,5.70314,35025
6,3,3.58064,21262
6,3,6.08765,37476
6,3,3.68707,23026
6,3,4.94086,29770
6,3,6.78055,42376
6,3,4.55274,28726
6,3,0.712681,4281
6,3,7.49694,46527
6,3,1.41664,8758
6,3,7.41509,45925
6,4,0.768057,4652
6,4,14.2695,87142
6,4,9.34851,56268
6,4,5.7406,33872
6,4,8.05248,48034
6,4,7.63208,45427
6,4,14.5986,88393
6,4,7.77644,46637
6,4,6.09583,36116
6,4,4.35423,24980
6,4,4.32228,24813
6,4,6.54062,38829
6,4,7.73332,45938
6,4,13.6052,82573
6,4,4.76865,28845
6,4,2.13952,12806
6,4,7.00432,41389
6,4,1.94799,11310
6,4,6.07815,35660
6,4,5.36836,31320
6,4,0.67046,3923
6,4,0.730843,4543
6,4,5.55209,32400
6,4,5.66577,33063
6,4,6.50907,38725
6,4,7.67275,45833
6,4,10.3188,62007
6,4,6.45631,38278
6,4,0.723083,4422
6,4,8.11404,48594
6,4,0.301384,1819
6,4,4.38078,25281
6,4,6.12761,37240
6,4,6.89963,41059
6,4,7.04902,41524
6,4,13.436,81434
6,4,6.80781,40168
6,4,11.6558,70457
6,4,4.90079,28336
6,4,10.9063,65915
6,4,1.044,6107
6,4,6.73332,39852
6,4,0.600868,3498
6,4,4.3124,25983
6,4,8.60724,51823
6,4,1.2883,7816
6,4,1.88225,11189
6,4,5.47815,31849
6,4,13.642,82416
6,4,4.91411,28299
6,5,9.63739,55717
6,5,6.17193,34758
6,5,3.36931,18661
6,5,8.03505,46130
6,5,20.1381,118856
6,5,14.5806,85579
6,5,23.9173,142266
6,5,3.32505,18866
6,5,4.02168,23569
6,5,9.46344,54618
6,5,4.6051,27130
6,5,5.23575,29029
6,5,12.2572,71594
6,5,2.13174,12510
6,5,7.69905,43626
6,5,17.8986,105063
6,5,6.37134,37718
6,5,20.3142,119641
6,5,1.27492,7517
6,5,3.73396,21735
6,5,6.17337,36384
6,5,12.7442,74387
6,5,2.05801,12156
6,5,10.4109,60171
6,5,34.0507,202228
6,5,20.7972,122317
6,5,12.0319,70346
6,5,2.27069,13306
6,5,5.22252,29004
6,5,1.56494,8726
6,5,8.77986,50930
6,5,14.8822,87080
6,5,0.834251,4679
6,5,5.12196,28359
6,5,15.3899,90050
6,5,29.7203,176356
6,5,10.6761,63132
6,5,6.88538,38963
6,5,9.01302,51693
6,5,31.7944,188299
6,5,7.9035,46412
6,5,11.0906,64376
6,5,11.9868,71089
6,5,9.11299,52553
6,5,12.705,74115
6,5,3.70272,21640
6,5,8.28229,47538
6,5,7.30277,41676
6,5,0.518206,2909
6,5,8.23176,47203
6,6,8.50097,46973
6,6,13.1849,74836
6,6,11.5055,64178
6,6,14.1984,80381
6,6,8.32365,45954
6,6,7.0776,38504
6,6,27.8101,159837
6,6,18.3846,105649
6,6,12.3119,68600
6,6,15.378,87597
6,6,8.68752,47867
6,6,13.1946,75026
6,6,6.97522,39252
6,6,18.2944,103722
6,6,4.26901,23192
6,6,26.4347,151158
6,6,35.2492,203235
6,6,22.7965,129947
6,6,10.594,59030
6,6,11.1845,62453
6,6,2.34677,13379
6,6,12.5407,70277
6,6,5.83984,31163
6,6,6.34057,33966
6,6,20.7176,117828
6,6,7.42601,40569
6,6,6.00345,32010
6,6,7.2543,39404
6,6,6.1814,33223
6,6,6.23663,33507
6,6,12.8495,72543
6,6,21.4427,122745
6,6,7.1541,38598
6,6,6.40543,36904
6,6,9.56433,53825
6,6,24.0223,137758
6,6,32.1487,185717
6,6,29.7366,172006
6,6,13.5537,76504
6,6,7.29613,39526
6,6,26.0544,149786
6,6,12.1288,67734
6,6,19.4967,111141
6,6,11.2305,62882
6,6,17.1991,97830
6,6,10.7481,59850
6,6,10.6332,59111
6,6,6.33436,36127
6,6,21.1276,121115
6,6,53.941,313692
7,2,3.30128,20208
7,2,3.19166,19350
7,2,3.88434,24027
7,2,0.704886,4511
7,2,3.18424,19318
7,2,4.07556,25253
7,2,4.31486,26527
7,2,3.67082,22362
7,2,4.80914,30201
7,2,0.223431,1346
7,2,1.68445,10826
7,2,0.613201,3691
7,2,0.53031,3171
7,2,0.489045,3060
7,2,3.06208,18902
7,2,5.76718,36001
7,2,3.79271,23295
7,2,0.65909,4040
7,2,0.550673,3312
7,2,0.830976,5043
7,2,4.67057,28862
7,2,3.67548,22421
7,2,3.28821,20006
7,2,3.1352,18991
7,2,3.57046,21751
7,2,0.49253,3127
7,2,3.11732,19177
7,2,3.50711,21314
7,2,0.874952,5522
7,2,3.47365,21207
7,2,1.08604,6772
7,2,4.13239,25380
7,2,0.762633,4655
7,2,2.46998,15299
7,2,3.42095,20824
7,2,0.754849,4676
7,2,3.14573,19928
7,2,0.668619,4200
7,2,3.90127,24108
7,2,4.48244,27709
7,2,2.96906,18861
7,2,3.08287,18753
7,2,0.31677,1954
7,2,3.94233,24202
7,2,5.03139,31333
7,2,2.9505,17938
7,2,3.80984,23377
7,2,0.0753759,479
7,2,1.33263,8229
7,2,1.69633,10582
7,3,4.47769,26403
7,3,4.05467,23636
7,3,5.88172,35225
7,3,6.82615,41172
7,3,5.95795,35524
7,3,3.04999,18047
7,3,6.99287,42057
7,3,4.6921,27652
7,3,3.87779,23380
7,3,6.46845,39894
7,3,12.7009,78116
7,3,5.24794,31083
7,3,4.2834,24900
7,3,0.0661917,416
7,3,6.15438,36947
7,3,0.0971428,610
7,3,7.14979,43201
7,3,1.72211,10695
7,3,4.64707,27468
7,3,9.67132,59007
7,3,8.80784,53878
7,3,4.36779,26202
7,3,0.226532,1393
7,3,9.38733,57446
7,3,7.23685,43862
7,3,0.819186,4951
7,3,4.91535,29060
7,3,6.43289,38669
7,3,12.3878,77434
7,3,1.00136,6159
7,3,1.11482,6858
7,3,1.21615,7433
7,3,4.76938,28168
7,3,4.85852,28747
7,3,2.17353,13372
7,3,7.30374,44174
7,3,3.08395,18314
7,3,5.00946,29721
7,3,4.69986,27666
7,3,2.54711,14979
7,3,0.36496,2139
7,3,0.385562,2341
7,3,5.54156,33099
7,3,7.6368,46075
7,3,0.984434,6147
7,3,2.6873,16088
7,3,4.11967,23960
7,3,0.128672,821
7,3,9.67062,59079
7,3,7.30359,44254
7,4,9.27979,54102
7,4,0.349675,2007
7,4,10.2776,60099
7,4,7.93454,46009
7,4,0.735205,4380
7,4,6.27163,35740
7,4,25.2324,151497
7,4,17.3923,103639
7,4,1.86032,11027
7,4,4.7095,28313
7,4,16.5647,97975
7,4,8.7781,51098
7,4,4.96772,28594
7,4,11.5378,67681
7,4,6.05354,34466
7,4,6.64737,38158
7,4,6.12643,35057
7,4,7.41364,42868
7,4,11.5235,67735
7,4,0.518127,2970
7,4,9.12017,53193
7,4,0.323639,1868
7,4,8.94257,51816
7,4,21.2612,126657
7,4,4.73956,27259
7,4,12.9531,76327
7,4,6.70283,38331
7,4,1.17932,6780
7,4,3.94427,22466
7,4,0.710771,4176
7,4,8.31843,48372
7,4,12.2781,72570
7,4,13.8107,81537
7,4,20.1611,119905
7,4,5.27265,29571
7,4,16.2436,96425
7,4,6.86043,41107
7,4,13.3628,78818
7,4,9.54644,55964
7,4,6.96878,39942
7,4,1.126,6676
7,4,11.8467,69868
7,4,10.2198,59869
7,4,0.57491,3346
7,4,8.99797,53554
7,4,15.5841,92147
7,4,6.09752,35479
7,4,6.17749,35045
7,4,7.45498,42822
7,4,16.2612,96661
7,5,8.78455,48842
7,5,8.71407,48440
7,5,4.5182,24229
7,5,13.8778,78839
7,5,7.39056,40571
7,5,12.6241,71567
7,5,5.92089,31945
7,5,23.4525,135254
7,5,19.7155,112939
7,5,6.85483,37337
7,5,15.7743,89785
7,5,2.92296,16840
7,5,13.0658,73662
7,5,24.4869,141475
7,5,2.25264,13148
7,5,8.04071,44585
7,5,31.4036,181738
7,5,18.4646,106809
7,5,11.8311,66627
7,5,10.3931,57882
7,5,17.4147,100031
7,5,18.9381,108106
7,5,8.83982,48949
7,5,24.7759,142173
7,5,8.91956,49301
7,5,34.4016,199669
7,5,3.31219,18426
7,5,8.95014,49847
7,5,11.4068,64274
7,5,3.78791,20467
7,5,6.49276,35289
7,5,9.50935,53291
7,5,6.23153,33652
7,5,39.7069,231229
7,5,7.94266,44157
7,5,8.8157,49005
7,5,12.7555,72535
7,5,12.0652,67933
7,5,6.42102,34828
7,5,2.9411,16425
7,5,8.48316,46358
7,5,39.9316,232418
7,5,14.2107,80587
7,5,8.8527,49148
7,5,19.4627,111788
7,5,14.667,83701
7,5,6.13639,33277
7,5,6.05456,32393
7,5,0.231256,1243
7,5,22.1657,128294
7,6,17.5389,97833
7,6,18.1176,100325
7,6,13.6415,74354
7,6,25.8925,143991
7,6,10.2035,54790
7,6,10.4746,56343
7,6,12.5394,68217
7,6,8.84858,46999
7,6,10.087,54089
7,6,13.523,73568
7,6,18.4599,101761
7,6,23.8877,132997
7,6,13.1051,73242
7,6,0.854288,4591
7,6,9.57096,51113
7,6,33.4286,188524
7,6,14.3727,78254
7,6,12.9731,70650
7,6,15.7844,86674
7,6,13.5201,74869
7,6,14.5232,79640
7,6,8.17061,43578
7,6,10.728,57714
7,6,7.58867,39861
7,6,2.21665,12636
7,6,15.5469,84766
7,6,16.5128,92417
7,6,7.88706,41536
7,6,2.57147,14403
7,6,28.5246,159234
7,6,8.13826,42995
7,6,2.35896,12681
7,6,8.63355,48694
7,6,6.80253,35318
7,6,17.2063,94284
7,6,39.7687,224004
7,6,20.5519,114167
7,6,15.4072,84511
7,6,40.2286,226222
7,6,10.0499,53855
7,6,7.75668,40798
7,6,1.85524,10535
7,6,10.6364,57394
7,6,9.56787,51748
7,6,45.5198,256748
7,6,34.5537,193606
7,6,14.3626,80981
7,6,1.90745,10868
7,6,24.4441,135917
7,6,8.81318,46882
7,7,16.0903,82404
7,7,9.40099,46787
7,7,35.3936,187136
7,7,15.9558,81789
7,7,11.1585,55809
7,7,8.87644,43735
7,7,43.684,229928
7,7,14.2056,72879
7,7,64.2939,341867
7,7,12.1152,61080
7,7,13.8438,70750
7,7,8.56581,42212
7,7,49.6704,263556
7,7,22.0614,114884
7,7,40.1573,211276
7,7,5.73999,29304
7,7,0.858376,4309
7,7,26.622,139533
7,7,35.2528,185067
7,7,35.3213,186051
7,7,27.215,142410
7,7,1.22969,5975
7,7,19.245,99223
7,7,14.4447,75902
7,7,23.616,122792
7,7,24.6444,128651
7,7,12.3867,64575
7,7,30.0014,157196
7,7,35.0956,185094
7,7,22.8027,118813
7,7,7.43536,39619
7,7,21.6672,112501
7,7,13.0025,66040
7,7,1.31735,7048
7,7,2.85014,14652
7,7,31.9328,167720
7,7,31.2644,163909
7,7,22.3066,115920
7,7,9.08192,44977
7,7,70.081,374015
7,7,12.5318,65206
7,7,12.7435,64617
7,7,53.5996,284056
7,7,17.2454,88667
7,7,27.5601,143970
7,7,27.0536,141081
7,7,16.3931,84165
7,7,13.3913,67946
7,7,10.7834,53680
7,7,18.3568,94223
8,5,8.39558,45181
8,5,15.3521,85237
8,5,13.5254,74782
8,5,27.9811,157555
8,5,7.69404,43064
8,5,8.61311,46216
8,5,2.77133,15370
8,5,22.7118,127157
8,5,3.74887,20822
8,5,10.0469,54310
8,5,7.30305,38716
8,5,29.029,163794
8,5,8.812,47235
8,5,10.8779,59159
8,5,13.3395,73295
8,5,7.48622,39846
8,5,14.5977,80681
8,5,11.0466,60302
8,5,7.29647,38541
8,5,3.05566,17261
8,5,30.5883,172787
8,5,8.37302,44644
8,5,8.96733,47984
8,5,11.1565,60561
8,5,8.35797,45588
8,5,43.3875,246790
8,5,6.39857,35989
8,5,7.84187,43924
8,5,10.9241,59447
8,5,9.09842,48888
8,5,8.76821,48657
8,5,8.20861,46751
8,5,9.12654,49457
8,5,11.5031,63145
8,5,9.51338,51412
8,5,8.83759,49519
8,5,29.9364,167841
8,5,12.6717,69772
8,5,13.3391,73415
8,5,31.0766,175679
8,5,4.22035,23287
8,5,10.6871,60420
8,5,16.9972,95009
8,5,8.90248,47950
8,5,8.64688,46443
8,5,8.65232,46462
8,5,27.4826,154505
8,5,9.99665,55040
8,5,5.35119,28344
8,5,14.2723,78790
8,6,50.0736,265765
8,6,12.4065,62918
8,6,26.2684,137722
8,6,9.95349,50007
8,6,12.3005,62443
8,6,23.5024,122451
8,6,26.6875,139855
8,6,27.8489,145602
8,6,14.1891,72347
8,6,0.928692,4509
8,6,12.1934,62444
8,6,9.69308,50999
8,6,7.67751,39989
8,6,20.2351,105146
8,6,13.261,69121
8,6,11.6253,59050
8,6,11.4754,58343
8,6,36.7147,194662
8,6,35.4307,187353
8,6,26.4451,138756
8,6,18.2349,94100
8,6,0.613912,2991
8,6,14.0834,72157
8,6,18.9665,98285
8,6,5.72456,30023
8,6,15.9168,84318
8,6,12.519,63620
8,6,40.7933,215757
8,6,20.5079,106872
8,6,57.1839,304344
8,6,10.8417,54467
8,6,15.0596,77332
8,6,17.077,88521
8,6,28.1479,148135
8,6,18.0922,93901
8,6,19.9371,103049
8,6,23.6198,123403
8,6,13.4727,68966
8,6,19.0094,100540
8,6,9.33674,47979
8,6,44.3582,235202
8,6,9.7994,48944
8,6,20.5147,106729
8,6,15.754,81080
8,6,15.6057,80201
8,6,43.3993,229618
8,6,14.9752,77014
8,6,8.82583,43736
8,6,16.4015,84951
8,6,3.54117,18395
8,7,14.2043,69272
8,7,28.4896,143374
8,7,26.0245,130795
8,7,55.0724,282422
8,7,14.4621,70950
8,7,20.0439,100080
8,7,30.0813,151373
8,7,16.7492,82703
8,7,48.5288,247129
8,7,18.2662,90679
8,7,56.8373,291525
8,7,11.5141,55607
8,7,11.048,53241
8,7,22.6387,113358
8,7,22.4937,112918
8,7,32.45,164826
8,7,23.4789,118014
8,7,3.99077,18858
8,7,27.2863,137568
8,7,12.0258,57945
8,7,13.6787,66468
8,7,45.5233,231218
8,7,34.7217,175972
8,7,11.4039,54853
8,7,41.6628,211421
8,7,10.4117,49615
8,7,16.0574,78872
8,7,13.1555,63819
8,7,11.0633,52876
8,7,16.0301,79273
8,7,14.6777,71954
8,7,5.25289,26336
8,7,21.3477,106866
8,7,36.1184,182522
8,7,9.93085,47089
8,7,77.5675,399377
8,7,53.5507,273070
8,7,26.6472,134173
8,7,22.399,111509
8,7,15.6419,76914
8,7,26.6302,133705
8,7,14.6953,72152
8,7,10.0425,47807
8,7,33.3157,168581
8,7,24.7432,124346
8,7,19.796,98210
8,7,13.1922,64360
8,7,23.1619,116147
8,7,37.029,188118
8,7,22.8849,113646
8,8,57.6336,283115
8,8,8.6354,41359
8,8,14.9548,70248
8,8,61.1156,301100
8,8,12.2114,55868
8,8,5.70354,27816
8,8,57.4525,282810
8,8,10.4903,47414
8,8,15.0977,70864
8,8,21.1441,100934
8,8,19.6632,93440
8,8,21.3239,101641
8,8,18.0844,88725
8,8,17.2466,85400
8,8,45.0437,221083
8,8,26.2136,126320
8,8,15.1322,70962
8,8,11.856,57329
8,8,27.3048,132315
8,8,26.7022,130863
8,8,57.8943,284870
8,8,39.5296,194386
8,8,31.7107,153854
8,8,27.0097,130268
8,8,63.6841,312986
8,8,18.253,86197
8,8,54.3394,265517
8,8,76.9359,380308
8,8,10.4888,47366
8,8,17.7784,83144
8,8,60.7946,298206
8,8,23.2608,111621
8,8,79.9625,396279
8,8,74.3633,367469
8,8,16.3087,80395
8,8,17.2941,81907
8,8,12.3908,57139
8,8,41.5683,203402
8,8,16.0238,75217
8,8,26.8119,131566
8,8,36.5398,180490
8,8,52.445,257404
8,8,91.7114,453028
8,8,19.7281,95212
8,8,26.2046,127781
8,8,23.1311,112254
8,8,50.105,245300
8,8,10.413,47132
8,8,64.6967,318909
8,8,28.6709,138859
9,5,8.64458,44752
9,5,11.4863,58967
9,5,21.2623,111867
9,5,8.98998,45717
9,5,39.1047,210095
9,5,13.5025,70201
9,5,17.3454,90952
9,5,12.0983,62522
9,5,11.4617,58950
9,5,8.90172,45242
9,5,11.839,62695
9,5,15.4359,83082
9,5,10.0472,52250
9,5,3.6712,18786
9,5,56.9345,307424
9,5,25.8896,139582
9,5,4.94296,24800
9,5,15.3646,80901
9,5,2.51548,12668
9,5,12.6307,65335
9,5,22.6043,120099
9,5,4.96883,25534
9,5,26.6562,143370
9,5,42.8263,231040
9,5,10.9165,56068
9,5,11.4515,59272
9,5,7.53164,37651
9,5,14.0507,75762
9,5,56.006,303220
9,5,14.4619,75488
9,5,8.65171,44076
9,5,47.7052,257371
9,5,40.8911,220838
9,5,26.484,141325
9,5,2.59455,13474
9,5,7.68099,40949
9,5,18.9377,100164
9,5,26.259,140234
9,5,33.0733,177050
9,5,32.9946,177186
9,5,13.6531,73288
9,5,9.34584,47642
9,5,18.427,97060
9,5,13.0825,67705
9,5,22.1724,119469
9,5,5.60915,30196
9,5,22.4084,121137
9,5,14.0457,73251
9,5,15.28,82352
9,5,19.826,105012
9,6,52.4961,270954
9,6,19.0061,95453
9,6,14.9733,74392
9,6,5.40511,26428
9,6,18.6285,93577
9,6,10.9536,53261
9,6,23.9595,121280
9,6,15.1223,75998
9,6,11.5494,57691
9,6,2.24348,11418
9,6,26.9167,138886
9,6,12.999,63845
9,6,9.77777,46869
9,6,16.3044,81315
9,6,22.1297,111490
9,6,16.8707,84302
9,6,21.8471,110523
9,6,13.4102,66375
9,6,14.4046,71250
9,6,12.7369,62588
9,6,14.8652,74187
9,6,18.2742,93987
9,6,30.0848,153455
9,6,16.3907,81662
9,6,6.79292,35185
9,6,19.302,96927
9,6,41.0707,210627
9,6,15.1685,76680
9,6,15.4983,77998
9,6,11.7059,56693
9,6,17.8306,88519
9,6,3.64353,18726
9,6,21.5477,111593
9,6,25.1377,127622
9,6,18.6243,93960
9,6,27.4181,140256
9,6,16.5731,82792
9,6,22.4474,113408
9,6,35.3695,181501
9,6,13.7915,70282
9,6,21.5467,109114
9,6,41.1003,210941
9,6,11.5162,56063
9,6,32.0993,164228
9,6,11.883,60883
9,6,8.78777,41744
9,6,36.4479,186489
9,6,50.9167,263427
9,6,20.1856,104489
9,6,18.6146,93403
9,7,32.7238,159092
9,7,37.7868,185320
9,7,18.7464,89387
9,7,80.0366,396294
9,7,15.9065,74947
9,7,0.397497,1872
9,7,43.7139,215061
9,7,11.0941,51107
9,7,64.2768,317370
9,7,14.9214,70150
9,7,34.3889,168390
9,7,25.4866,125095
9,7,20.9726,100831
9,7,30.7331,149412
9,7,25.0538,120984
9,7,26.029,127142
9,7,36.8987,181810
9,7,30.1345,147104
9,7,100.189,499701
9,7,39.7815,194644
9,7,24.6603,119359
9,7,8.50519,41737
9,7,23.7959,115176
9,7,19.7809,94701
9,7,13.1083,61328
9,7,23.6424,114142
9,7,10.706,48935
9,7,50.4845,247500
9,7,13.5963,63053
9,7,32.8554,160029
9,7,12.0474,55726
9,7,23.8916,115451
9,7,16.14,76477
9,7,38.5356,189461
9,7,15.1816,71621
9,7,85.9179,428735
9,7,27.701,134563
9,7,16.24,76681
9,7,31.0212,153496
9,7,12.9343,60340
9,7,46.3959,228709
9,7,30.4725,148944
9,7,8.9962,44687
9,7,64.5241,317568
9,7,21.7237,104333
9,7,16.6177,78690
9,7,40.4355,197925
9,7,23.0153,110645
9,7,58.2496,287715
9,7,41.9632,206058
8,2,0.337411,2040
8,2,3.76621,22887
8,2,4.5134,28572
8,2,4.84422,29767
8,2,3.81799,23157
8,2,4.26137,26068
8,2,10.2208,64445
8,2,3.71922,22515
8,2,0.747452,4724
8,2,4.60042,28312
8,2,0.882145,5375
8,2,0.341564,2161
8,2,3.68651,22256
8,2,0.347769,2248
8,2,9.62369,60652
8,2,3.69919,22210
8,2,0.300997,1875
8,2,0.629354,3870
8,2,1.13868,6958
8,2,0.761889,4522
8,2,4.27293,26038
8,2,1.64056,10041
8,2,0.305855,1815
8,2,3.61603,21568
8,2,3.57611,21355
8,2,0.966366,5868
8,2,2.60036,15760
8,2,2.78378,17102
8,2,3.59629,21890
8,2,3.47158,20893
8,2,3.54465,21405
8,2,3.89997,23649
8,2,3.93311,23981
8,2,5.99425,37329
8,2,2.39516,14481
8,2,3.64063,22046
8,2,0.144186,909
8,2,0.357555,2265
8,2,4.299,26288
8,2,1.45113,9124
8,2,0.341765,2137
8,2,0.565496,3519
8,2,0.691987,4289
8,2,1.43594,9087
8,2,7.69065,48464
8,2,1.34625,8513
8,2,4.13081,25160
8,2,3.33815,19968
8,2,0.831358,5195
8,2,1.80848,11059
8,3,4.93696,28377
8,3,4.81735,27610
8,3,3.06466,18113
8,3,8.05704,47783
8,3,5.37889,31305
8,3,2.53715,15385
8,3,7.90663,46789
8,3,4.63636,26520
8,3,5.17695,30970
8,3,5.71366,33335
8,3,7.38325,43475
8,3,3.98428,22999
8,3,16.9968,102952
8,3,2.43058,14047
8,3,5.09079,29388
8,3,23.0737,140760
8,3,5.12408,29686
8,3,1.19237,7120
8,3,0.874545,5056
8,3,7.86184,46389
8,3,6.44132,37753
8,3,0.63593,3751
8,3,0.628248,3832
8,3,6.10542,35710
8,3,4.88843,28199
8,3,2.49299,14637
8,3,1.88705,11436
8,3,5.68946,33038
8,3,0.135819,856
8,3,6.30792,38605
8,3,8.43053,50125
8,3,5.83822,34022
8,3,8.78091,52991
8,3,1.23805,7385
8,3,4.28015,24494
8,3,2.3042,13791
8,3,8.3226,49550
8,3,2.0936,12780
8,3,19.9419,121194
8,3,5.26468,31296
8,3,6.45195,37841
8,3,2.41486,13977
8,3,14.2379,86120
8,3,16.2344,98390
8,3,2.65784,15795
8,3,6.05181,35315
8,3,9.30762,56041
8,3,0.603862,3468
8,3,0.219836,1243
8,3,7.5172,44480
8,4,0.20392,1130
8,4,5.68319,32137
8,4,6.2927,34852
8,4,15.257,88425
8,4,16.9704,98523
8,4,2.45308,14271
8,4,9.33777,53170
8,4,1.77838,10484
8,4,1.65872,9089
8,4,6.6873,37189
8,4,23.0338,134617
8,4,21.2557,124053
8,4,0.111676,594
8,4,9.35372,52953
8,4,6.75422,37431
8,4,5.28555,28882
8,4,0.912656,4987
8,4,25.8215,151842
8,4,21.3867,124328
8,4,15.6788,89938
8,4,1.9341,10970
8,4,8.90669,50083
8,4,6.03932,33374
8,4,8.64279,48594
8,4,21.2929,123792
8,4,5.94536,32339
8,4,9.72464,54719
8,4,1.78279,9898
8,4,10.3855,59154
8,4,7.86644,46234
8,4,10.592,60288
8,4,12.8596,75119
8,4,9.89846,56086
8,4,6.57391,36593
8,4,4.43247,25106
8,4,6.84486,37968
8,4,6.5076,37846
8,4,19.6466,114285
8,4,5.93305,32749
8,4,6.08941,33671
8,4,1.43331,7931
8,4,1.33511,7488
8,4,3.39233,19646
8,4,0.377556,2203
8,4,5.70512,31189
8,4,17.4215,100966
8,4,2.15218,12163
8,4,7.60341,42699
8,4,13.5735,78298
8,4,15.9494,92432
9,2,3.88108,23976
9,2,4.01387,23957
9,2,0.132892,801
9,2,1.70868,10366
9,2,1.81365,11238
9,2,1.88108,11768
9,2,4.01123,24040
9,2,0.762835,4641
9,2,2.47444,15489
9,2,0.103081,632
9,2,1.99117,12010
9,2,4.45346,26861
9,2,4.02457,24084
9,2,0.248622,1529
9,2,4.84256,29357
9,2,1.37148,8426
9,2,0.653857,4035
9,2,4.58104,27561
9,2,1.85964,11341
9,2,1.12801,7065
9,2,1.46409,8987
9,2,2.12436,12947
9,2,0.159943,949
9,2,1.03132,6283
9,2,4.52828,27295
9,2,4.12322,24735
9,2,4.38201,26259
9,2,4.92999,29942
9,2,2.34857,14893
9,2,4.43079,26627
9,2,4.38947,26539
9,2,0.624893,3953
9,2,4.15874,25415
9,2,5.16885,31452
9,2,4.09649,24556
9,2,4.78613,29047
9,2,2.56579,15317
9,2,2.82724,16907
9,2,1.89137,11437
9,2,1.25931,7600
9,2,1.80373,10857
9,2,2.44232,14664
9,2,2.45332,14888
9,2,5.34528,32483
9,2,2.54573,15934
9,2,0.910504,5620
9,2,5.24977,31886
9,2,4.4216,26441
9,2,4.4209,26509
9,2,0.0752057,493
9,3,2.92152,17051
9,3,6.89579,39919
9,3,5.68076,32424
9,3,4.00168,23074
9,3,18.011,107660
9,3,7.37162,42757
9,3,2.53139,14567
9,3,7.38516,44123
9,3,0.130948,819
9,3,5.65382,32134
9,3,5.5895,31751
9,3,10.8973,64278
9,3,14.2489,84611
9,3,5.44507,30952
9,3,7.61631,44334
9,3,0.776392,4520
9,3,6.15917,35285
9,3,4.14032,23584
9,3,1.52249,8790
9,3,6.33536,36248
9,3,2.03793,12251
9,3,5.60164,31881
9,3,5.12043,29843
9,3,1.11795,6660
9,3,2.53029,14426
9,3,9.7615,57180
9,3,10.9795,64635
9,3,5.98726,34252
9,3,0.305536,1824
9,3,7.71391,44501
9,3,0.265616,1640
9,3,14.7093,87215
9,3,1.32609,7499
9,3,16.5951,99010
9,3,2.60664,15123
9,3,6.89472,39792
9,3,1.06498,6175
9,3,24.3443,146489
9,3,12.4582,73902
9,3,20.3087,121373
9,3,13.3384,79488
9,3,0.274736,1631
9,3,7.49146,43473
9,3,3.68534,21978
9,3,24.5775,147581
9,3,5.99098,34444
9,3,5.69892,32471
9,3,5.19007,30434
9,3,15.212,90395
9,3,5.28431,30113
9,4,8.78242,48205
9,4,1.04596,6023
9,4,6.52745,35003
9,4,22.4639,128202
9,4,6.34589,34169
9,4,14.8195,84810
9,4,11.9349,68187
9,4,7.26141,39419
9,4,6.06994,33905
9,4,9.94359,55223
9,4,15.513,87671
9,4,1.13346,6522
9,4,42.8202,247519
9,4,9.69966,53860
9,4,17.0653,96848
9,4,14.173,79988
9,4,18.5224,105295
9,4,10.3674,57574
9,4,6.92979,37507
9,4,5.11066,29376
9,4,10.3496,57451
9,4,10.8272,60626
9,4,6.33568,34028
9,4,14.6516,84153
9,4,6.87963,37114
9,4,18.0813,103396
9,4,8.49851,48833
9,4,24.7627,141828
9,4,19.4419,110337
9,4,16.0324,90701
9,4,8.61732,47438
9,4,13.9949,79152
9,4,3.74837,21528
9,4,8.23694,47238
9,4,2.14445,12373
9,4,8.60152,47851
9,4,8.82017,48651
9,4,40.251,233043
9,4,10.0881,56084
9,4,12.2418,68640
9,4,18.446,105211
9,4,12.7955,72007
9,4,9.21079,50911
9,4,8.77393,48210
9,4,12.0757,67866
9,4,2.86722,15798
9,4,16.0921,91292
9,4,19.5315,111133
9,4,7.47843,41566
9,4,1.92414,10378
9,8,12.201,53509
9,8,13.6726,60521
9,8,19.9811,90964
9,8,18.4886,88688
9,8,29.0605,134615
9,8,41.4219,194882
9,8,24.5436,113182
9,8,25.1509,116464
9,8,15.295,68620
9,8,25.2185,116430
9,8,86.6386,413541
9,8,14.931,66566
9,8,17.1941,77289
9,8,39.3448,184109
9,8,64.7396,308629
9,8,55.0154,260521
9,8,46.6928,220204
9,8,13.5966,62978
9,8,28.7274,133230
9,8,11.3977,49421
9,8,28.4844,132127
9,8,58.2333,276745
9,8,74.8245,356525
9,8,34.8819,162932
9,8,7.7507,36239
9,8,99.5301,475422
9,8,39.209,184160
9,8,19.6964,89888
9,8,70.8018,335760
9,8,80.8735,384655
9,8,38.1946,181672
9,8,46.1057,219626
9,8,11.3957,51575
9,8,15.3042,68630
9,8,17.2526,77938
9,8,26.8273,124305
9,8,25.393,117177
9,8,19.3426,88120
9,8,12.6672,59795
9,8,21.4123,97603
9,8,17.7698,80575
9,8,12.9701,57208
9,8,13.5051,59747
9,8,25.0459,115299
9,8,31.0388,144260
9,8,21.7812,99656
9,8,4.24236,19220
9,8,23.2026,106700
9,8,28.8254,133626
9,8,114.549,548946
9,9,18.9964,82049
9,9,111.007,510788
9,9,110.981,510820
9,9,16.9252,72800
9,9,82.9515,380232
9,9,115.334,530583
9,9,20.8062,90930
9,9,15.0918,64138
9,9,55.1782,252437
9,9,25.5194,112640
9,9,86.4949,397122
9,9,54.0688,245313
9,9,33.7524,150752
9,9,49.3556,223932
9,9,76.0253,348083
9,9,21.5943,94386
9,9,27.5801,122293
9,9,41.0236,184717
9,9,23.2773,104362
9,9,90.2844,414548
9,9,55.9465,254442
9,9,94.8036,433667
9,9,8.21741,37708
9,9,24.9333,109402
9,9,28.1205,124180
9,9,63.0069,286517
9,9,35.2961,158038
9,9,5.86938,26602
9,9,28.9033,128239
9,9,15.8166,67672
9,9,14.5262,61293
9,9,29.5352,131551
9,9,69.2589,315414
9,9,30.4956,138119
9,9,40.7956,182902
9,9,55.8815,252950
9,9,26.3814,116169
9,9,45.2396,204543
9,9,14.1148,59679
9,9,99.8595,459512
9,9,35.2344,158344
9,9,28.8467,127726
9,9,53.453,241794
9,9,85.4302,390356
9,9,27.6934,125023
9,9,14.737,62518
9,9,17.1886,78128
9,9,48.8492,221029
9,9,64.5896,292867
9,9,13.1602,60347
