h,w,time,iterations
2,2,1.78863,11991
2,2,0.876009,5884
2,2,0.178818,1208
2,2,1.58245,10662
2,2,0.695584,4732
2,2,1.06325,7174
2,2,0.148353,1009
2,2,0.63512,4281
2,2,0.268158,1814
2,2,0.712887,4803
2,2,2.8744,19290
2,2,1.23905,8361
2,2,0.153569,1041
2,2,2.09607,14085
2,2,0.0450322,302
2,2,0.0573972,389
2,2,0.0121927,82
2,2,1.6872,11376
2,2,1.11556,7555
2,2,0.0311956,210
2,2,0.354604,2421
2,2,1.26243,8507
2,2,0.0396806,268
2,2,0.414667,2805
2,2,0.188938,1285
2,2,0.637213,4294
2,2,0.0212727,145
2,2,0.720027,4877
2,2,0.343486,2331
2,2,1.44247,9612
2,2,1.59574,10816
2,2,0.675712,4546
2,2,1.19189,8014
2,2,3.10884,20504
2,2,0.0167202,110
2,2,0.02874,183
2,2,0.203936,1344
2,2,0.165474,1087
2,2,0.199159,1345
2,2,0.0481979,318
2,2,0.115633,782
2,2,0.0205102,133
2,2,1.46502,9576
2,2,0.532918,3571
2,2,0.0284459,194
2,2,2.21537,14794
2,2,0.121059,787
2,2,0.288218,1901
2,2,0.00994147,67
2,2,0.924366,6251
3,2,0.865616,5820
3,2,4.61759,30621
3,2,0.888005,5833
3,2,0.453177,3015
3,2,4.83862,32213
3,2,1.05566,6968
3,2,0.463109,3078
3,2,0.162609,1083
3,2,0.0174325,116
3,2,2.66063,17761
3,2,1.16248,7792
3,2,0.0207567,137
3,2,0.377124,2549
3,2,1.20737,8060
3,2,0.204798,1373
3,2,3.11071,20758
3,2,0.029807,194
3,2,0.0684104,463
3,2,0.927378,6224
3,2,0.106567,703
3,2,4.47967,29956
3,2,0.102219,690
3,2,2.41439,15973
3,2,1.99714,13240
3,2,2.74304,18345
3,2,3.78538,25086
3,2,0.600829,4015
3,2,3.2269,21103
3,2,2.56038,16711
3,2,0.0820461,546
3,2,3.85037,25384
3,2,0.985552,6371
3,2,0.0627125,412
3,2,0.72354,4718
3,2,2.1474,14123
3,2,0.0488856,320
3,2,0.019893,131
3,2,0.00790864,50
3,2,0.166283,1119
3,2,2.30673,15271
3,2,0.0194533,131
3,2,2.23236,14832
3,2,2.73698,18135
3,2,0.375319,2472
3,2,0.0483479,322
3,2,1.50419,9973
3,2,0.0292326,197
3,2,1.93448,12851
3,2,0.0789924,533
3,2,0.530892,3525
3,3,1.88162,12246
3,3,1.95047,12746
3,3,0.355989,2329
3,3,2.67592,17471
3,3,0.815946,5440
3,3,0.23653,1540
3,3,0.985792,6439
3,3,0.341695,2280
3,3,0.0552743,362
3,3,3.72415,24548
3,3,5.12322,33437
3,3,3.68221,24052
3,3,8.04204,52765
3,3,3.81508,25085
3,3,0.0699409,450
3,3,3.51792,23118
3,3,4.35836,28414
3,3,3.37068,22022
3,3,0.00534238,35
3,3,3.9695,25934
3,3,0.518742,3420
3,3,6.19048,40269
3,3,3.60878,23604
3,3,5.28198,34718
3,3,5.26192,34623
3,3,2.85121,18800
3,3,5.80704,38098
3,3,0.206599,1387
3,3,3.88176,25552
3,3,1.77417,11698
3,3,0.147863,991
3,3,0.0415819,275
3,3,0.38363,2549
3,3,0.235044,1480
3,3,0.00824739,54
3,3,4.42074,29042
3,3,0.429907,2852
3,3,2.94407,19275
3,3,1.46199,9566
3,3,3.09552,19910
3,3,0.722312,4733
3,3,2.19642,14081
3,3,7.18052,46790
3,3,0.207628,1357
3,3,3.95495,26159
3,3,1.65807,10977
3,3,2.83882,18564
3,3,0.335629,2196
3,3,0.745988,4965
3,3,0.0477825,314
4,2,1.34291,8933
4,2,4.76783,31574
4,2,1.21828,8050
4,2,1.83186,12059
4,2,2.26913,15007
4,2,6.19335,40902
4,2,1.86559,12278
4,2,4.2779,28415
4,2,0.0230756,148
4,2,3.32108,21901
4,2,1.64356,10775
4,2,2.3132,15176
4,2,3.53989,23079
4,2,0.0607112,403
4,2,0.606814,4025
4,2,0.570503,3791
4,2,2.67717,17529
4,2,5.86472,38474
4,2,2.31587,15273
4,2,1.4248,9473
4,2,5.93083,39100
4,2,2.6846,17708
4,2,0.161236,1076
4,2,1.59485,10593
4,2,0.0546762,353
4,2,2.54901,16835
4,2,1.80652,11898
4,2,1.54323,10213
4,2,2.3259,15436
4,2,0.570648,3794
4,2,5.89526,38853
4,2,2.32547,15353
4,2,3.53386,23317
4,2,1.39,9117
4,2,1.47486,9772
4,2,2.21035,14484
4,2,2.64635,17457
4,2,3.70712,24524
4,2,0.0320763,212
4,2,2.0923,13823
4,2,0.799593,5259
4,2,0.210186,1391
4,2,0.0906144,605
4,2,0.0284392,188
4,2,3.30385,21723
4,2,1.83458,12156
4,2,0.0598915,386
4,2,1.36212,9059
4,2,0.025351,160
4,2,5.94408,39204
4,3,1.28444,8325
4,3,10.5484,67987
4,3,1.88061,12178
4,3,2.18469,14152
4,3,1.18173,7683
4,3,3.47438,22436
4,3,0.314384,2038
4,3,0.0279343,181
4,3,3.36182,21796
4,3,3.14553,20259
4,3,1.64712,10695
4,3,1.20074,7832
4,3,3.44034,22220
4,3,4.53696,29408
4,3,1.12063,7335
4,3,4.03901,26179
4,3,4.33101,28018
4,3,2.65464,17264
4,3,2.95604,19056
4,3,1.09967,7094
4,3,3.33748,21631
4,3,8.62989,55975
4,3,2.73302,17701
4,3,3.15378,20224
4,3,3.41214,22143
4,3,0.0471278,300
4,3,0.272621,1771
4,3,1.06834,6891
4,3,4.02011,25924
4,3,2.97036,19136
4,3,3.86132,24883
4,3,2.1804,14095
4,3,5.39707,34974
4,3,0.731082,4752
4,3,3.7811,24449
4,3,3.66193,23694
4,3,5.22613,33902
4,3,9.70803,63001
4,3,0.271518,1738
4,3,0.480592,3158
4,3,8.58986,55273
4,3,0.0517286,311
4,3,9.19183,59506
4,3,3.49213,22549
4,3,3.37081,21703
4,3,0.714118,4659
4,3,0.853856,5521
4,3,3.32715,21431
4,3,1.56941,10149
4,3,10.3118,66649
4,4,9.17196,58410
4,4,3.66219,23291
4,4,1.41569,9067
4,4,0.129958,840
4,4,4.52005,28720
4,4,5.5148,35065
4,4,2.38155,15187
4,4,0.771229,4908
4,4,3.74397,23858
4,4,9.43667,59987
4,4,7.36422,46727
4,4,0.22771,1452
4,4,7.48446,47563
4,4,0.0520846,323
4,4,6.66886,42634
4,4,0.909403,5833
4,4,4.93436,31532
4,4,5.70675,36378
4,4,1.53153,9651
4,4,0.466243,2951
4,4,0.093525,600
4,4,7.44801,47233
4,4,8.63634,55071
4,4,0.587204,3673
4,4,6.99837,44596
4,4,2.45471,15774
4,4,0.0767777,490
4,4,0.152882,965
4,4,2.26235,14457
4,4,0.267388,1704
4,4,5.79838,36967
4,4,0.855381,5438
4,4,5.41414,34588
4,4,2.38927,15234
4,4,5.52516,35355
4,4,6.9248,44342
4,4,0.200288,1309
4,4,5.60153,35688
4,4,0.981407,6269
4,4,3.51772,22360
4,4,3.03594,19218
4,4,6.00555,38279
4,4,13.1389,83592
4,4,3.37001,21390
4,4,4.31602,27419
4,4,8.98168,56965
4,4,5.11529,32460
4,4,5.68547,36201
4,4,0.107589,705
4,4,6.16509,39226
5,2,1.27151,8505
5,2,3.24652,21404
5,2,1.58194,10470
5,2,2.21491,14724
5,2,2.92657,19363
5,2,0.137948,912
5,2,6.47895,42379
5,2,7.24226,47403
5,2,0.242403,1616
5,2,1.14145,7517
5,2,3.3327,22097
5,2,2.01646,13339
5,2,3.45195,22815
5,2,0.755359,5007
5,2,0.955154,6382
5,2,6.17543,40762
5,2,0.279265,1853
5,2,3.18934,20862
5,2,5.73419,37837
5,2,1.21726,8110
5,2,6.6489,43777
5,2,3.47963,22886
5,2,5.79536,37953
5,2,3.44288,22724
5,2,0.262417,1773
5,2,1.2377,8212
5,2,4.77802,31669
5,2,6.95402,45923
5,2,0.0993194,643
5,2,1.28075,8443
5,2,1.39373,9280
5,2,3.40117,22302
5,2,7.45224,49042
5,2,1.87329,12352
5,2,5.08081,33636
5,2,1.75486,11678
5,2,2.21889,14475
5,2,0.100255,654
5,2,2.81812,18621
5,2,5.78598,38025
5,2,0.17832,1162
5,2,0.195173,1274
5,2,0.971982,6388
5,2,0.908796,6035
5,2,1.64037,10898
5,2,1.73744,11563
5,2,7.86275,52226
5,2,1.70834,11243
5,2,0.0371766,229
5,2,0.0325578,217
5,3,1.28495,8209
5,3,4.54619,29026
5,3,2.84862,18070
5,3,1.43237,9074
5,3,6.25615,39920
5,3,6.19449,39223
5,3,13.3069,84017
5,3,3.55849,22646
5,3,4.07589,25798
5,3,3.73217,23708
5,3,4.01418,25654
5,3,1.83377,11788
5,3,0.879442,5622
5,3,5.02768,32232
5,3,0.0866543,548
5,3,3.76675,24302
5,3,0.194863,1305
5,3,2.28379,14524
5,3,0.234933,1479
5,3,2.86648,18156
5,3,2.81839,17852
5,3,0.921034,5931
5,3,0.0217877,138
5,3,9.96406,63781
5,3,5.37911,34187
5,3,0.730264,4674
5,3,0.175012,1100
5,3,4.02429,25749
5,3,3.96072,25324
5,3,3.1757,20294
5,3,1.46704,9417
5,3,6.29004,40111
5,3,5.1744,33053
5,3,2.55271,16174
5,3,5.23099,33286
5,3,12.4037,79247
5,3,2.29034,14740
5,3,4.65309,29724
5,3,2.53773,16143
5,3,4.89053,31156
5,3,4.18307,26680
5,3,4.55308,28959
5,3,0.112277,711
5,3,0.049874,321
5,3,5.72157,36590
5,3,7.77708,49615
5,3,4.82441,30809
5,3,5.59234,36019
5,3,0.995578,6381
5,3,9.20672,58601
5,4,6.62705,41656
5,4,2.60366,16169
5,4,8.89222,55637
5,4,4.98767,31133
5,4,4.28063,26820
5,4,6.41782,40095
5,4,0.117717,732
5,4,8.20426,51314
5,4,6.36942,39790
5,4,3.96606,24594
5,4,0.805147,5055
5,4,3.96463,24842
5,4,3.97369,24973
5,4,6.61278,41311
5,4,0.12465,777
5,4,17.188,107133
5,4,11.2891,70486
5,4,3.25751,20525
5,4,4.73361,29430
5,4,2.57267,16232
5,4,14.7671,92149
5,4,13.3081,83324
5,4,3.34929,20954
5,4,3.11916,19394
5,4,1.61825,10092
5,4,0.0488274,315
5,4,2.5144,15890
5,4,1.28825,8130
5,4,7.81522,49190
5,4,0.0245096,153
5,4,0.920009,5802
5,4,4.69054,29356
5,4,5.37185,33794
5,4,5.37803,33723
5,4,0.312867,1951
5,4,0.186308,1165
5,4,1.03856,6556
5,4,6.16521,38703
5,4,3.4365,21604
5,4,0.365953,2324
5,4,3.83182,24099
5,4,12.5202,78520
5,4,2.4932,15587
5,4,2.59749,16215
5,4,4.00924,25051
5,4,3.14715,19840
5,4,6.13086,38584
5,4,0.189825,1181
5,4,0.748969,4777
5,4,2.55674,15978
5,5,2.56809,15805
5,5,0.594687,3660
5,5,9.66899,59328
5,5,4.24415,25961
5,5,0.0111039,66
5,5,5.52232,33835
5,5,8.85525,54195
5,5,5.37483,32819
5,5,3.26012,20068
5,5,13.6849,83836
5,5,1.70851,10465
5,5,7.01101,43174
5,5,6.58593,40135
5,5,6.33174,38717
5,5,7.03569,43141
5,5,3.91837,23817
5,5,7.13891,43749
5,5,2.86421,17557
5,5,7.32335,44961
5,5,6.61914,40744
5,5,5.47974,33651
5,5,8.62329,52880
5,5,6.8193,41832
5,5,6.94616,42573
5,5,0.169122,1033
5,5,22.8231,139568
5,5,3.7353,22816
5,5,0.0268883,160
5,5,1.80373,11186
5,5,0.290103,1806
5,5,4.5867,28224
5,5,9.78164,59994
5,5,7.69111,47288
5,5,4.79434,29449
5,5,8.84335,54311
5,5,10.2735,62935
5,5,0.202953,1253
5,5,3.692,22637
5,5,3.3469,20437
5,5,6.86517,42289
5,5,7.43399,45628
5,5,4.45691,27364
5,5,4.65538,28652
5,5,8.51274,52207
5,5,0.781766,4804
5,5,0.164693,984
5,5,0.717345,4389
5,5,0.474204,2931
5,5,8.97982,54955
5,5,5.99155,36468
6,2,1.0914,7158
6,2,8.43109,54475
6,2,0.57218,3705
6,2,3.37964,21590
6,2,2.70367,17435
6,2,3.89918,25277
6,2,8.41736,54261
6,2,6.33242,41200
6,2,1.3083,8466
6,2,0.0915053,588
6,2,4.18132,26850
6,2,0.10816,691
6,2,7.06768,45365
6,2,2.22476,14364
6,2,1.12639,7251
6,2,7.53163,48629
6,2,1.8723,12151
6,2,0.756992,4916
6,2,8.96928,57712
6,2,8.49002,54735
6,2,4.13336,26660
6,2,3.32812,21358
6,2,0.660876,4298
6,2,2.38634,15339
6,2,0.0283888,179
6,2,0.471105,3084
6,2,0.0400003,252
6,2,1.4365,9276
6,2,5.30087,34052
6,2,8.61824,55865
6,2,0.18393,1174
6,2,1.75191,11424
6,2,8.77701,56736
6,2,0.0216362,127
6,2,5.15893,33045
6,2,0.0521775,325
6,2,0.0621158,390
6,2,4.05377,26309
6,2,8.15914,52850
6,2,0.42597,2745
6,2,2.10757,13662
6,2,0.983125,6394
6,2,5.45935,35294
6,2,8.77436,56580
6,2,2.30965,14960
6,2,0.0360072,226
6,2,2.94322,18733
6,2,0.0222415,143
6,2,2.09286,13402
6,2,4.16091,26625
6,3,3.56683,22811
6,3,0.71405,4523
6,3,0.319898,2023
6,3,0.559702,3548
6,3,0.210261,1380
6,3,2.86502,18141
6,3,0.640256,4051
6,3,0.29673,1878
6,3,6.52854,41261
6,3,1.07938,6882
6,3,9.5788,60915
6,3,6.05944,38338
6,3,8.40292,53345
6,3,0.0257687,161
6,3,5.65136,35758
6,3,3.96411,25208
6,3,3.10547,19675
6,3,4.8554,30566
6,3,4.59566,29109
6,3,2.872,17988
6,3,0.577889,3624
6,3,0.453525,2859
6,3,6.86006,43592
6,3,1.38431,8790
6,3,0.76799,4907
6,3,6.97573,44142
6,3,6.93386,43850
6,3,0.121525,763
6,3,7.53555,47840
6,3,1.18977,7526
6,3,1.5379,9829
6,3,3.73426,23724
6,3,1.37511,8773
6,3,7.54426,47946
6,3,4.42099,27954
6,3,3.14635,19959
6,3,4.33611,27451
6,3,5.11639,32299
6,3,3.64844,23272
6,3,5.31241,33693
6,3,5.938,37609
6,3,5.3425,33802
6,3,8.15548,51597
6,3,8.80912,55967
6,3,5.76649,36663
6,3,10.6783,67841
6,3,1.76588,11162
6,3,3.26083,20503
6,3,0.318775,2006
6,3,5.20285,32890
6,4,2.69774,16659
6,4,4.56557,28154
6,4,1.43934,8796
6,4,7.02519,43255
6,4,7.16564,44004
6,4,5.6565,34931
6,4,4.16544,25550
6,4,0.217252,1341
6,4,9.43985,58286
6,4,0.614017,3777
6,4,8.79534,54037
6,4,7.85541,48310
6,4,18.4385,113295
6,4,21.3722,131342
6,4,1.57322,9670
6,4,5.90411,36353
6,4,2.75765,16869
6,4,7.89106,48598
6,4,1.49648,9195
6,4,1.89146,11599
6,4,13.0897,80542
6,4,14.7895,90799
6,4,0.217478,1345
6,4,6.70865,41445
6,4,7.32046,44981
6,4,8.17093,50125
6,4,3.13476,19273
6,4,4.77154,29399
6,4,9.4814,58269
6,4,10.7464,65568
6,4,4.63089,28259
6,4,5.6531,34777
6,4,3.92566,24047
6,4,0.645911,4015
6,4,7.59622,46986
6,4,0.302472,1851
6,4,12.6241,77694
6,4,3.638,22334
6,4,14.4624,88974
6,4,2.32068,14201
6,4,2.07545,12869
6,4,2.29498,14103
6,4,8.95912,54971
6,4,0.340947,2081
6,4,9.71673,59771
6,4,5.52572,33929
6,4,4.35544,26774
6,4,13.29,81811
6,4,18.884,116336
6,4,19.7605,121577
6,5,6.71172,40279
6,5,5.23827,31517
6,5,0.363463,2177
6,5,5.16175,30779
6,5,6.69333,40143
6,5,19.1426,115041
6,5,6.58119,39387
6,5,11.2352,67327
6,5,5.53224,33075
6,5,2.85391,17073
6,5,10.8458,65245
6,5,0.0505871,299
6,5,5.25803,31637
6,5,5.50982,33089
6,5,7.1625,43017
6,5,10.9167,65309
6,5,9.1101,54755
6,5,5.53569,33181
6,5,17.199,102880
6,5,31.2311,188268
6,5,6.02145,36041
6,5,6.69431,40112
6,5,0.0806229,481
6,5,15.2259,91286
6,5,16.3015,97655
6,5,7.17582,43188
6,5,6.50637,38979
6,5,3.02364,17999
6,5,11.9121,71177
6,5,8.97232,53670
6,5,2.36913,14151
6,5,4.03327,23991
6,5,9.43143,55986
6,5,9.37424,56005
6,5,5.5975,33292
6,5,6.4419,38760
6,5,6.04284,36119
6,5,6.28838,37744
6,5,5.47028,32782
6,5,3.55605,21140
6,5,2.03784,12185
6,5,0.0380959,232
6,5,5.88616,34996
6,5,7.01237,41975
6,5,5.39684,32168
6,5,11.4364,68194
6,5,5.93974,35590
6,5,15.585,93666
6,5,5.16024,30898
6,5,4.79375,28471
6,6,5.07567,29500
6,6,10.0637,58554
6,6,5.48745,31891
6,6,7.70118,44819
6,6,11.1849,64905
6,6,19.3838,112665
6,6,8.07507,46985
6,6,6.34488,36982
6,6,0.204093,1193
6,6,4.06646,23847
6,6,18.2714,106494
6,6,7.13331,41755
6,6,10.976,64083
6,6,6.60193,38231
6,6,5.4339,31683
6,6,9.85996,57254
6,6,7.80598,45429
6,6,0.0352383,205
6,6,30.7112,176833
6,6,8.52998,49434
6,6,3.51052,20322
6,6,4.38411,25376
6,6,8.1036,46835
6,6,7.27118,42419
6,6,6.25526,36576
6,6,4.73621,27779
6,6,13.4496,78527
6,6,6.04979,34970
6,6,0.0279668,155
6,6,9.07703,52768
6,6,9.28266,54594
6,6,13.686,79647
6,6,0.490577,2857
6,6,9.92081,57852
6,6,3.60736,20954
6,6,5.70037,33190
6,6,6.5047,37975
6,6,5.91902,34354
6,6,14.3563,83792
6,6,10.7443,62625
6,6,16.0873,93547
6,6,11.9846,69611
6,6,5.36455,31245
6,6,9.41312,54591
6,6,5.51925,32221
6,6,4.57574,26735
6,6,10.4672,60996
6,6,6.81111,39462
6,6,11.463,66369
6,6,0.0662031,392
7,2,0.524165,3378
7,2,1.61265,10443
7,2,4.39537,28073
7,2,3.76576,23931
7,2,0.396719,2539
7,2,0.112838,712
7,2,2.46774,15878
7,2,7.97717,50906
7,2,2.07986,13389
7,2,1.08852,6921
7,2,6.38136,40895
7,2,11.0362,70909
7,2,4.96527,31882
7,2,0.168456,1075
7,2,2.11087,13422
7,2,2.54939,16438
7,2,5.56079,35636
7,2,6.08837,39171
7,2,0.301081,1928
7,2,0.023646,153
7,2,1.98208,12579
7,2,0.0556962,362
7,2,5.10946,32601
7,2,3.32203,21391
7,2,4.36119,27860
7,2,1.83843,11849
7,2,7.52831,48044
7,2,2.48256,15909
7,2,9.91623,63441
7,2,7.42033,47386
7,2,2.92395,18651
7,2,0.181722,1189
7,2,0.131841,845
7,2,9.16526,58544
7,2,9.83745,62879
7,2,3.6875,23625
7,2,2.48022,15789
7,2,2.1561,13951
7,2,6.27515,40491
7,2,9.87255,62729
7,2,2.32684,14956
7,2,0.476294,3062
7,2,3.42952,22099
7,2,0.944602,6165
7,2,0.232312,1488
7,2,0.230315,1475
7,2,1.45474,9338
7,2,4.76583,30603
7,2,2.51727,16070
7,2,1.97964,12830
7,3,2.86787,17869
7,3,0.38596,2401
7,3,16.2791,100928
7,3,6.86084,42827
7,3,7.67737,47917
7,3,6.8623,42936
7,3,17.5677,109547
7,3,4.15811,25948
7,3,4.58918,28587
7,3,1.24969,7866
7,3,3.24094,20207
7,3,4.53959,28305
7,3,6.49086,40593
7,3,0.0612407,377
7,3,3.53658,22012
7,3,14.7039,91401
7,3,4.49079,27975
7,3,7.83105,48718
7,3,4.73831,29255
7,3,4.45981,27788
7,3,8.58279,53411
7,3,4.42154,27294
7,3,4.66883,29101
7,3,0.549716,3499
7,3,0.13458,840
7,3,3.40467,21393
7,3,9.61702,60322
7,3,6.66948,41731
7,3,2.20392,13705
7,3,2.76261,17245
7,3,6.83015,42703
7,3,4.95119,30862
7,3,6.15661,38317
7,3,12.5491,78288
7,3,2.89226,17860
7,3,6.75311,41806
7,3,3.26422,20328
7,3,5.49134,34161
7,3,0.728255,4559
7,3,4.32631,26962
7,3,5.62889,34897
7,3,9.51303,59344
7,3,6.77703,42303
7,3,0.548608,3481
7,3,4.9786,30858
7,3,0.0108646,65
7,3,13.7624,85356
7,3,1.42052,8866
7,3,0.370054,2317
7,3,0.32623,2060
7,4,7.81939,46856
7,4,8.1865,49579
7,4,5.07076,30417
7,4,5.21171,31676
7,4,8.78391,53056
7,4,25.6332,154866
7,4,7.91209,47785
7,4,7.38589,44648
7,4,3.07167,18613
7,4,4.53707,27032
7,4,9.25075,55866
7,4,11.026,66516
7,4,6.20387,37412
7,4,13.6485,82065
7,4,1.2518,7510
7,4,11.4216,68984
7,4,2.6149,15650
7,4,7.76827,46861
7,4,3.38816,20385
7,4,6.55337,39466
7,4,2.2588,13675
7,4,0.213646,1285
7,4,4.07558,24502
7,4,6.73591,40810
7,4,4.72121,28391
7,4,10.993,66368
7,4,3.50294,21224
7,4,6.2767,37776
7,4,1.92731,11589
7,4,14.345,86480
7,4,7.77198,46820
7,4,7.09351,42565
7,4,0.928614,5648
7,4,8.00166,48344
7,4,12.4014,75024
7,4,1.7329,10653
7,4,10.8002,65226
7,4,3.3896,20394
7,4,4.09571,24583
7,4,10.5033,63798
7,4,11.0581,67171
7,4,2.43856,14787
7,4,0.36813,2274
7,4,6.452,39015
7,4,5.34251,32364
7,4,10.3243,62773
7,4,6.07112,36758
7,4,14.4111,86930
7,4,7.102,42539
7,4,6.66371,40393
7,5,6.96248,40700
7,5,10.5317,61515
7,5,12.0375,69525
7,5,6.57154,37838
7,5,7.5017,43438
7,5,1.06948,6287
7,5,4.33121,25490
7,5,9.8433,57300
7,5,14.9715,86373
7,5,4.59932,26712
7,5,9.4176,53845
7,5,7.93203,45627
7,5,8.66246,50504
7,5,0.865701,5140
7,5,4.85266,28136
7,5,6.59972,38398
7,5,3.52418,20452
7,5,4.20019,24298
7,5,5.20466,30115
7,5,0.0637162,372
7,5,4.79526,27599
7,5,0.521521,3076
7,5,6.43743,37557
7,5,13.3512,77540
7,5,8.3316,48262
7,5,8.3802,48585
7,5,0.163734,935
7,5,9.41677,54803
7,5,12.2349,71177
7,5,33.1073,192320
7,5,11.1439,64799
7,5,0.427213,2544
7,5,5.65603,32586
7,5,6.41351,37388
7,5,13.4003,77427
7,5,7.15696,41458
7,5,0.35091,2008
7,5,11.218,65092
7,5,9.06065,52802
7,5,0.39489,2289
7,5,12.2236,70806
7,5,1.71807,10052
7,5,3.46081,19976
7,5,5.36185,31074
7,5,4.83484,28119
7,5,24.9689,145286
7,5,26.0464,151301
7,5,6.10526,35358
7,5,4.43104,25647
7,5,17.9195,103865
7,5,11.5449,67249
7,5,7.01442,40750
7,5,0.0215377,121
7,5,6.87819,40113
7,5,17.1388,99655
7,5,18.2213,106103
7,5,0.135051,761
7,5,4.34371,25312
7,5,0.157659,910
7,6,2.66306,15062
7,6,8.95474,50416
7,6,15.4755,87233
7,6,4.5124,25505
7,6,0.877842,4959
7,6,2.2138,12509
7,6,12.7911,71711
7,6,32.0477,180677
7,6,12.0413,67763
7,6,0.897393,4984
7,6,6.94274,39201
7,6,12.6976,71658
7,6,8.85519,49911
7,6,10.9288,61727
7,6,9.6118,54355
7,6,10.1463,57349
7,6,5.64428,31823
7,6,5.19747,29026
7,6,5.19047,29252
7,6,9.99,56002
7,6,2.55619,14314
7,6,6.42574,35870
7,6,8.80693,49486
7,6,6.86982,38571
7,6,5.68793,31787
7,6,17.0169,95916
7,6,15.7841,88547
7,6,12.9536,73200
7,6,7.46049,42177
7,6,13.923,78403
7,6,10.5908,59395
7,6,4.62487,26144
7,6,12.6029,71158
7,6,17.1246,96767
7,6,8.38818,47320
7,6,6.66135,37672
7,6,0.458591,2620
7,6,5.70116,32024
7,6,5.53528,31192
7,6,11.6761,65575
7,6,6.89567,38970
7,6,9.01001,50641
7,6,11.7038,65807
7,6,6.24503,34942
7,6,5.85664,32870
7,6,12.1371,68413
7,6,4.23654,23641
7,6,7.75763,43722
7,6,13.2883,74867
7,6,10.8332,61155
7,7,11.3536,59212
7,7,9.66304,51039
7,7,10.8663,57444
7,7,10.5364,55580
7,7,5.7668,30326
7,7,6.17317,32500
7,7,16.5878,87198
7,7,5.83133,30762
7,7,8.03332,42463
7,7,1.81016,9552
7,7,5.32653,28019
7,7,14.6944,78034
7,7,10.4031,54885
7,7,13.7722,72966
7,7,7.51347,39733
7,7,11.0703,58455
7,7,12.9781,68848
7,7,11.1033,58872
7,7,11.0255,58135
7,7,9.55164,50261
7,7,13.9217,73750
7,7,8.40649,44506
7,7,10.636,55572
7,7,9.98382,52705
7,7,6.9743,36703
7,7,10.281,54450
7,7,17.188,90311
7,7,13.6831,72127
7,7,11.6566,61879
7,7,10.48,55132
7,7,8.58159,45419
7,7,52.4984,278367
7,7,1.65579,8709
7,7,20.1464,106460
7,7,12.5905,66625
7,7,13.1918,70076
7,7,25.639,135850
7,7,5.21024,27572
7,7,12.8986,68715
7,7,3.11102,16632
7,7,31.9276,168668
7,7,9.17423,48735
7,7,8.02992,42183
7,7,9.85158,52176
7,7,12.4777,65863
7,7,7.10521,37623
7,7,5.3538,28194
7,7,19.0599,100581
7,7,5.84528,31103
7,7,2.06559,10896
8,5,3.13099,17655
8,5,6.14272,34834
8,5,0.735665,4145
8,5,0.737137,4273
8,5,5.8545,33001
8,5,24.5852,139383
8,5,1.90221,10794
8,5,39.2365,223110
8,5,9.75862,54896
8,5,11.2927,64166
8,5,4.86742,27569
8,5,6.75726,38712
8,5,5.90802,33354
8,5,17.1883,97246
8,5,7.89145,44737
8,5,12.1026,68501
8,5,6.24588,35425
8,5,10.2273,58260
8,5,7.94985,45184
8,5,3.20194,18115
8,5,5.64043,31938
8,5,6.74304,38328
8,5,9.04869,51447
8,5,7.83191,44426
8,5,9.75261,55445
8,5,18.2397,103421
8,5,26.2264,148891
8,5,7.12507,40116
8,5,4.9339,27992
8,5,0.332935,1872
8,5,9.25883,52603
8,5,11.5511,65635
8,5,20.4491,116178
8,5,10.7871,61693
8,5,6.01725,34176
8,5,7.32705,41419
8,5,7.7803,44144
8,5,7.65122,43335
8,5,2.23412,12572
8,5,9.8245,55753
8,5,0.659189,3756
8,5,6.06443,34267
8,5,5.53251,31501
8,5,9.32315,52916
8,5,11.871,67383
8,5,6.99393,39455
8,5,8.29989,47260
8,5,0.412222,2327
8,5,12.1073,68559
8,5,11.3238,64332
8,6,12.4755,65817
8,6,4.72622,25123
8,6,8.45291,45104
8,6,43.4894,231073
8,6,0.373159,2003
8,6,6.66626,35563
8,6,8.28529,44040
8,6,8.59444,45768
8,6,31.3831,166874
8,6,7.80991,41129
8,6,14.2887,75739
8,6,17.0476,90429
8,6,11.4202,60638
8,6,8.07168,42565
8,6,9.32427,49360
8,6,11.214,59181
8,6,12.1922,64469
8,6,3.22183,17073
8,6,25.9366,136928
8,6,12.1289,64343
8,6,2.71345,14180
8,6,10.5582,56199
8,6,20.0727,106386
8,6,10.6033,56000
8,6,15.7274,83600
8,6,16.8853,89872
8,6,12.6803,67396
8,6,6.4236,34256
8,6,2.90071,15540
8,6,0.136329,731
8,6,11.4478,61140
8,6,13.6781,72778
8,6,13.6797,72933
8,6,12.2176,64975
8,6,8.19425,43638
8,6,4.0076,21295
8,6,7.16077,37956
8,6,8.89849,47037
8,6,12.6294,67006
8,6,7.90859,42098
8,6,13.9566,73997
8,6,20.2965,107830
8,6,12.0944,64021
8,6,9.01914,48081
8,6,75.2117,404325
8,6,10.8375,57412
8,6,17.7469,94569
8,6,4.50304,23763
8,6,4.34413,22961
8,6,10.2114,54266
8,7,2.67337,13687
8,7,9.64923,49091
8,7,15.9279,81765
8,7,16.899,85764
8,7,7.40598,37764
8,7,12.2266,62305
8,7,8.15866,41591
8,7,14.3947,73661
8,7,5.60744,28677
8,7,5.90145,29903
8,7,7.58197,38927
8,7,14.7493,75600
8,7,17.2279,88225
8,7,12.7876,64962
8,7,13.8859,71020
8,7,13.7643,70425
8,7,9.45875,48624
8,7,11.214,57176
8,7,16.162,82477
8,7,7.26443,37265
8,7,10.7247,54773
8,7,14.3167,73762
8,7,0.390465,1972
8,7,7.25075,37035
8,7,12.2714,62543
8,7,26.4044,135103
8,7,12.7089,65266
8,7,12.5034,64247
8,7,13.5223,69331
8,7,12.1383,61967
8,7,14.9494,76560
8,7,17.0934,87728
8,7,9.06414,46031
8,7,8.19223,41772
8,7,21.6031,110709
8,7,1.79781,9114
8,7,14.0912,71937
8,7,11.7992,60447
8,7,16.1155,82311
8,7,10.6751,54640
8,7,8.0219,40954
8,7,14.2899,73024
8,7,13.7514,70498
8,7,10.9823,56076
8,7,13.6293,69769
8,7,10.5914,54158
8,7,11.9588,60882
8,7,7.44645,37970
8,7,6.89294,35341
8,7,13.5167,68729
8,8,17.1731,84964
8,8,21.3408,105223
8,8,5.7118,27913
8,8,11.5332,56980
8,8,18.4974,90733
8,8,14.644,72738
8,8,11.6984,57780
8,8,10.68,52981
8,8,13.8796,68743
8,8,20.9002,103242
8,8,13.5393,66936
8,8,9.37187,46298
8,8,4.6255,22829
8,8,14.3305,70804
8,8,10.4075,51398
8,8,7.73865,38387
8,8,6.30327,31210
8,8,8.20195,40748
8,8,11.2088,55403
8,8,13.0964,64678
8,8,18.1469,89626
8,8,72.1799,357132
8,8,0.760591,3779
8,8,16.2774,80443
8,8,12.7454,62648
8,8,10.1537,49851
8,8,15.3436,75874
8,8,10.5655,52413
8,8,10.3053,50447
8,8,10.4146,50885
8,8,6.37437,31308
8,8,33.2833,164541
8,8,11.3969,56094
8,8,14.0388,69352
8,8,1.25973,6281
8,8,11.2758,55565
8,8,8.04826,39710
8,8,21.1056,105039
8,8,0.633451,3070
8,8,20.4676,100969
8,8,14.3744,71092
8,8,19.1299,94315
8,8,13.6429,67279
8,8,13.8797,68664
8,8,2.59616,12939
8,8,1.05368,5283
8,8,38.6648,191174
8,8,7.92356,39025
8,8,18.1272,89780
8,8,14.8148,72763
9,5,8.40575,45342
9,5,10.6075,57301
9,5,22.4337,120483
9,5,8.85123,47837
9,5,18.1801,98014
9,5,42.987,231621
9,5,10.9258,58884
9,5,16.5884,89128
9,5,7.52089,40196
9,5,3.07178,16561
9,5,6.29635,33969
9,5,19.6018,105603
9,5,8.03272,43300
9,5,14.0249,75737
9,5,15.3749,82759
9,5,9.05707,49045
9,5,11.1538,60137
9,5,5.81307,31349
9,5,12.886,69124
9,5,0.167798,914
9,5,17.9051,96655
9,5,31.7175,171293
9,5,10.3674,55881
9,5,7.85948,42471
9,5,15.8006,85078
9,5,11.073,59491
9,5,6.36083,34283
9,5,46.9567,253639
9,5,0.23853,1304
9,5,6.96837,37561
9,5,10.5395,56921
9,5,10.6547,57505
9,5,3.93756,21217
9,5,7.23159,38910
9,5,6.24859,33685
9,5,10.7588,57771
9,5,11.8938,63636
9,5,10.9693,59138
9,5,11.3241,61151
9,5,2.13411,11420
9,5,11.6636,63148
9,5,3.91859,21138
9,5,15.1016,81593
9,5,14.6575,79050
9,5,8.77395,47361
9,5,12.88,69293
9,5,7.11498,38318
9,5,6.8794,37083
9,5,6.8487,36727
9,5,12.9755,70074
9,6,22.3554,114888
9,6,14.882,75754
9,6,0.641045,3292
9,6,24.8985,128194
9,6,13.1025,67068
9,6,21.1391,108443
9,6,12.0276,61654
9,6,8.62281,44266
9,6,12.839,65235
9,6,19.2338,98211
9,6,9.22777,47247
9,6,15.9715,82032
9,6,16.828,86371
9,6,9.14749,46969
9,6,16.705,86369
9,6,0.239869,1258
9,6,18.6611,96250
9,6,1.04305,5523
9,6,19.1514,98787
9,6,11.0166,56449
9,6,12.4672,64353
9,6,8.93368,45877
9,6,13.3403,68660
9,6,22.2054,114347
9,6,7.6734,39721
9,6,11.4979,59320
9,6,10.2155,52328
9,6,16.6759,86255
9,6,6.5332,33716
9,6,8.26722,42566
9,6,9.18085,47667
9,6,16.9601,87714
9,6,21.6314,111430
9,6,6.65788,34328
9,6,12.4152,64172
9,6,21.792,112502
9,6,20.7465,107279
9,6,20.822,107379
9,6,9.70918,49982
9,6,8.37969,43412
9,6,11.5617,59545
9,6,15.5072,79689
9,6,10.668,54607
9,6,11.7162,60058
9,6,29.2703,151156
9,6,17.1034,88091
9,6,0.120224,604
9,6,2.76032,14103
9,6,10.2201,52764
9,6,9.65808,49948
9,7,8.60756,42691
9,7,2.14719,10768
9,7,21.9352,109437
9,7,2.22221,11035
9,7,6.54677,32368
9,7,9.57164,47418
9,7,6.90373,34446
9,7,13.1649,65673
9,7,9.43118,46399
9,7,11.2322,55705
9,7,17.96,89299
9,7,2.13232,10665
9,7,49.0407,242635
9,7,1.42829,7067
9,7,26.4298,131182
9,7,35.8204,177958
9,7,14.2864,70431
9,7,31.981,159131
9,7,7.08687,35255
9,7,13.4685,66387
9,7,13.2532,65850
9,7,9.38896,46577
9,7,20.1125,99420
9,7,2.90139,14577
9,7,11.0808,54612
9,7,6.09986,30100
9,7,13.4805,66974
9,7,10.5931,52503
9,7,17.8086,88107
9,7,9.93886,48881
9,7,5.41439,26620
9,7,18.4502,91400
9,7,10.7483,53265
9,7,9.58927,47669
9,7,15.0136,73883
9,7,13.0151,64610
9,7,0.184939,901
9,7,9.53019,47234
9,7,12.8367,63047
9,7,5.58045,27816
9,7,17.5629,87287
9,7,7.33669,36199
9,7,12.551,62077
9,7,28.2107,140607
9,7,9.23409,45899
9,7,29.9909,148776
9,7,42.935,212982
9,7,7.72722,38506
9,7,9.65547,48042
9,7,12.6945,63530
8,2,3.07926,19503
8,2,2.83257,17842
8,2,0.99502,6370
8,2,1.39108,8962
8,2,3.87068,24536
8,2,8.87935,56232
8,2,1.31678,8451
8,2,2.1939,13860
8,2,2.78644,17758
8,2,1.82626,11615
8,2,0.201904,1272
8,2,2.35276,15007
8,2,3.41856,21746
8,2,1.9002,12187
8,2,10.2954,65285
8,2,0.162339,1017
8,2,1.54101,9784
8,2,3.17926,20280
8,2,4.71963,30111
8,2,1.7018,10780
8,2,0.0731772,458
8,2,0.278941,1763
8,2,11.6502,74108
8,2,3.19348,20223
8,2,0.0385927,241
8,2,2.9267,18504
8,2,5.2994,33645
8,2,1.22341,7821
8,2,11.8716,74881
8,2,4.84628,30514
8,2,1.92347,12133
8,2,5.80197,36717
8,2,5.55932,35189
8,2,1.68437,10728
8,2,2.525,16151
8,2,4.08773,25751
8,2,1.21442,7683
8,2,0.952201,6060
8,2,3.87236,24530
8,2,1.16446,7353
8,2,10.1568,64301
8,2,1.88678,12020
8,2,8.84402,56083
8,2,2.23716,14162
8,2,2.65144,16939
8,2,4.64159,29377
8,2,4.6762,29970
8,2,4.60988,29209
8,2,2.90568,18435
8,2,0.618466,3914
8,3,3.20577,19463
8,3,4.12819,25331
8,3,7.64314,46830
8,3,6.27777,38654
8,3,8.0433,49086
8,3,6.8301,41759
8,3,3.20403,19394
8,3,11.6652,71546
8,3,4.306,26349
8,3,0.0401871,240
8,3,3.44236,21101
8,3,4.91629,30011
8,3,0.905937,5450
8,3,2.96814,18051
8,3,3.68186,22387
8,3,4.36681,26798
8,3,3.6711,22407
8,3,3.92709,23809
8,3,17.9436,109659
8,3,6.26765,38426
8,3,6.05205,36839
8,3,10.556,64497
8,3,0.0854216,510
8,3,2.25037,13670
8,3,7.73871,47357
8,3,1.0792,6531
8,3,0.0794487,480
8,3,3.95638,24148
8,3,6.44063,39618
8,3,3.09356,18958
8,3,3.04306,18783
8,3,3.61632,22216
8,3,0.0834586,512
8,3,0.556239,3422
8,3,4.56277,27917
8,3,8.77614,53822
8,3,5.8623,35984
8,3,7.77281,47487
8,3,3.72141,22668
8,3,1.30486,8020
8,3,9.10935,55945
8,3,6.93522,42629
8,3,1.31103,8077
8,3,7.81974,48103
8,3,8.44278,52105
8,3,2.31024,14002
8,3,4.34769,26692
8,3,4.98624,30619
8,3,5.88233,36046
8,3,3.12222,19106
8,4,4.40186,25838
8,4,6.0639,35506
8,4,6.58424,38738
8,4,7.09012,41782
8,4,16.2718,95937
8,4,13.666,80726
8,4,7.09824,41870
8,4,14.5611,85055
8,4,2.32751,13689
8,4,8.33026,48898
8,4,3.1026,18121
8,4,5.19218,30640
8,4,8.90667,52424
8,4,6.64717,39418
8,4,9.26072,54282
8,4,3.33891,19616
8,4,12.6736,74350
8,4,8.12239,47569
8,4,4.8714,28625
8,4,8.07035,47105
8,4,10.6993,62864
8,4,4.76104,28035
8,4,4.97196,29021
8,4,3.4927,20367
8,4,1.52505,8918
8,4,11.3624,66436
8,4,10.7613,63016
8,4,6.84675,39887
8,4,4.70848,27454
8,4,4.03102,23592
8,4,4.73021,27661
8,4,7.81773,46100
8,4,5.35185,31483
8,4,7.82255,46099
8,4,3.60715,21313
8,4,5.79502,34162
8,4,8.0975,47700
8,4,5.37665,31685
8,4,3.84149,22501
8,4,3.64066,21273
8,4,6.36442,37418
8,4,2.9728,17500
8,4,5.51108,32444
8,4,5.59683,32817
8,4,7.30129,42708
8,4,8.26536,48675
8,4,11.4278,67397
8,4,5.09055,30015
8,4,5.34582,31202
8,4,4.06522,24047
9,2,1.84966,11581
9,2,3.32327,20783
9,2,3.06854,19111
9,2,8.4267,53351
9,2,6.10497,38382
9,2,3.53697,22251
9,2,8.46321,53200
9,2,0.470337,2927
9,2,0.396536,2515
9,2,2.79876,17574
9,2,4.83416,30184
9,2,1.51708,9478
9,2,3.3902,21426
9,2,1.54479,9847
9,2,2.67644,16768
9,2,2.17732,13752
9,2,5.32461,33507
9,2,2.79045,17713
9,2,1.02053,6495
9,2,3.39213,21447
9,2,3.59197,22567
9,2,1.49235,9418
9,2,1.54034,9613
9,2,1.73437,10880
9,2,0.443551,2753
9,2,2.59275,16359
9,2,3.81237,23870
9,2,0.200832,1255
9,2,2.00076,12732
9,2,1.57449,10011
9,2,6.56803,41508
9,2,2.51569,15820
9,2,0.41347,2644
9,2,2.80438,17680
9,2,7.67941,48324
9,2,0.240535,1570
9,2,0.321731,2025
9,2,2.31639,14748
9,2,1.18726,7550
9,2,1.97574,12519
9,2,10.1113,63404
9,2,4.91569,30924
9,2,7.15763,44763
9,2,2.27247,14301
9,2,2.32007,14602
9,2,0.164995,1025
9,2,0.056661,343
9,2,13.0137,82452
9,2,5.07711,31813
9,2,2.1567,13559
9,3,7.90597,47764
9,3,4.1955,25282
9,3,9.11262,55109
9,3,5.02282,30426
9,3,6.7618,40684
9,3,4.92137,29632
9,3,2.20664,13321
9,3,2.42587,14454
9,3,10.7116,64641
9,3,4.83248,29176
9,3,23.2311,140034
9,3,5.74654,34274
9,3,7.87192,47402
9,3,8.32532,50271
9,3,7.78455,46764
9,3,0.102044,607
9,3,13.4695,81502
9,3,1.3467,8084
9,3,1.79383,10839
9,3,6.73733,40528
9,3,11.0124,66246
9,3,7.50223,45370
9,3,9.39183,56664
9,3,6.33192,37875
9,3,3.16189,18968
9,3,6.09288,36731
9,3,0.108677,679
9,3,13.3385,80253
9,3,21.3188,127970
9,3,15.159,90897
9,3,3.52714,21400
9,3,7.12736,42806
9,3,0.552427,3304
9,3,5.56041,33529
9,3,1.56166,9236
9,3,1.10398,6728
9,3,9.93919,59959
9,3,10.9754,65762
9,3,0.557425,3385
9,3,1.11969,6753
9,3,0.680129,4019
9,3,1.78339,10848
9,3,7.99389,48575
9,3,8.49191,51162
9,3,6.79478,40897
9,3,8.1539,49165
9,3,2.26493,13671
9,3,0.130733,785
9,3,6.39078,38473
9,3,7.73678,46472
9,4,7.98914,46295
9,4,11.1288,64223
9,4,5.52107,31791
9,4,2.30178,13354
9,4,0.524875,3029
9,4,0.324178,1867
9,4,7.10158,40917
9,4,6.05224,34889
9,4,18.6211,107309
9,4,2.41143,14017
9,4,4.43561,25535
9,4,7.01604,40460
9,4,4.07587,23305
9,4,0.135859,782
9,4,3.66169,21009
9,4,4.91812,28578
9,4,8.98116,51305
9,4,1.2505,7103
9,4,14.0594,81071
9,4,3.86653,22138
9,4,6.42587,37046
9,4,6.12142,35312
9,4,9.15057,52612
9,4,4.84411,27917
9,4,17.52,100818
9,4,6.11678,35306
9,4,7.27472,41933
9,4,6.61112,38409
9,4,6.7718,39280
9,4,1.26424,7234
9,4,3.12252,17952
9,4,22.0831,126875
9,4,5.56539,32236
9,4,8.19355,47042
9,4,5.79028,33394
9,4,0.123327,711
9,4,3.09702,17781
9,4,0.824179,4718
9,4,14.7334,84925
9,4,21.3853,123594
9,4,7.85044,45371
9,4,7.4245,43044
9,4,9.21546,53133
9,4,1.31604,7677
9,4,9.57453,55089
9,4,16.2745,93578
9,4,3.29201,18891
9,4,3.8324,21902
9,4,10.5202,60534
9,4,3.604,20626
9,8,20.8362,99195
9,8,13.4351,63876
9,8,17.509,82940
9,8,15.6082,74188
9,8,7.45856,35152
9,8,15.7105,74884
9,8,10.7852,51233
9,8,18.7614,89026
9,8,31.9357,152030
9,8,5.60398,26269
9,8,11.6009,54964
9,8,12.7867,60781
9,8,16.5037,78640
9,8,37.3737,177364
9,8,18.3851,87649
9,8,41.633,197928
9,8,11.7479,55754
9,8,14.9122,70879
9,8,11.3522,53619
9,8,14.3667,68523
9,8,11.3378,53740
9,8,59.6919,282561
9,8,9.10968,42919
9,8,13.1119,61880
9,8,21.8547,103409
9,8,17.3402,82454
9,8,14.1709,67054
9,8,8.05634,38151
9,8,13.6206,64524
9,8,9.10574,43104
9,8,3.648,17297
9,8,51.6237,244726
9,8,14.131,67180
9,8,16.3225,77083
9,8,20.2662,96147
9,8,40.7269,193932
9,8,18.8722,89189
9,8,16.147,76470
9,8,13.0612,62341
9,8,14.519,68817
9,8,19.3891,92203
9,8,21.5184,102325
9,8,11.2013,53613
9,8,0.839648,3978
9,8,111.17,531165
9,8,9.823,47022
9,8,12.3352,58289
9,8,20.7179,98189
9,8,21.1036,100708
9,8,12.5275,59350
9,9,11.9148,54486
9,9,14.7381,67239
9,9,27.2828,125137
9,9,8.86367,40552
9,9,26.1848,119704
9,9,39.0348,178594
9,9,10.8051,49394
9,9,18.6636,84898
9,9,0.945299,4338
9,9,17.4138,79954
9,9,0.145252,651
9,9,9.64799,44415
9,9,16.1377,73768
9,9,20.45,93966
9,9,11.7355,53680
9,9,6.851,31624
9,9,19.7913,90988
9,9,39.5868,180809
9,9,14.835,67795
9,9,22.6639,103952
9,9,22.2617,102183
9,9,8.656,39637
9,9,19.0163,86848
9,9,10.816,49743
9,9,0.411357,1863
9,9,13.076,59546
9,9,18.3732,83646
9,9,20.1078,91960
9,9,14.7078,67034
9,9,7.19952,32694
9,9,13.5053,61718
9,9,4.40896,20281
9,9,16.2682,74175
9,9,12.2838,56481
9,9,3.10626,14092
9,9,21.255,96935
9,9,10.0292,45705
9,9,15.4101,70237
9,9,9.24591,42312
9,9,58.1865,265415
9,9,10.2522,46778
9,9,44.2421,202450
9,9,14.829,67956
9,9,21.8944,100481
9,9,23.2165,105977
9,9,10.5772,48339
9,9,12.353,56661
9,9,26.4971,121083
9,9,14.4265,66083
9,9,13.6696,62124
